country_code,country_name,year,ladder,log_gdp,social_support,life_exp_healthy,freedom,generosity,corruption,gdp_pc_ppp,life_exp,internet_pct,urban_pct,education_spend_pct,fdi_pct
FIN,Finland,2023,7.804200172424316,10.792010307312012,0.9687696099281312,71.14999389648438,0.9614078998565674,-0.0188241656869649,0.1817445605993271,57068.3056478074,81.1878048780488,92.98879471,73.6967597835949,6.37578010559082,4.66691154081507
DNK,Denmark,2023,7.586400032043457,10.962163925170898,0.9541122317314148,71.2501449584961,0.9335328340530396,0.1342421621084213,0.1958138942718505,69475.3198650883,81.3048780487805,97.86011812,88.3880239837703,6.35586023330688,6.9048667972729
ISL,Iceland,2023,7.529600143432617,10.895530700683594,0.9825330972671508,72.05001831054688,0.9363492131233216,0.2109865397214889,0.6678478121757507,65380.3173049324,82.119512195122,97.58339691,94.1787071228028,7.30798006057739,4.74021987239207
ISR,Israel,2023,7.472899913787842,10.638705253601074,0.943343997001648,72.69720458984375,0.8088658452033997,-0.0230800509452819,0.7080935835838318,48098.187235579,82.7,91.85079615,91.4979834273327,5.93291997909546,4.35725962102686
NLD,Netherlands,2023,7.402999877929687,10.942278861999512,0.9304993152618408,71.55001831054688,0.8868750929832458,0.212686151266098,0.3789292871952057,71324.0360349277,81.6146341463415,92.51968504,94.9856177734136,5.17918014526367,1.47701805979237
SWE,Sweden,2023,7.395199775695801,10.88282299041748,0.9392486810684204,72.15015411376953,0.9479710459709167,0.1647885739803314,0.2024483829736709,63088.4236678734,83.0585365853659,95.00970335,88.4038576504809,7.31909990310669,9.35228228785513
NOR,Norway,2023,7.315499782562256,11.087730407714844,0.9434765577316284,71.5000228881836,0.9466164112091064,0.1406360566616058,0.2827447056770324,91051.0831968407,82.509756097561,98.99997764,82.9563661816034,5.43234014511108,2.39446435427431
CHE,Switzerland,2023,7.240099906921387,11.164027214050291,0.9204392433166504,72.89995574951172,0.8910744190216064,0.026686418801546,0.266347587108612,82777.293582076,83.6048780487805,96.45279694,84.9206266284521,4.86427021026611,-1.49836009615472
LUX,Luxembourg,2023,7.22790002822876,11.65994930267334,0.878500759601593,71.67500305175781,0.9149384498596193,0.0239496231079101,0.3449783027172088,132570.826463419,82.9463414634147,98.24203749,94.7605400940185,3.74451994895935,-391.555119009248
NZL,New Zealand,2023,7.122900009155273,10.661865234375,0.9523983597755432,70.35005187988281,0.8865742683410645,0.1748282313346862,0.2712054550647735,49964.1765523158,81.9585365853658,93.07289886,83.8547305017812,5.16741991043091,3.93040138256791
AUT,Austria,2023,7.097300052642822,10.898905754089355,0.8884358406066895,71.1500473022461,0.8547372817993164,0.1016044691205024,0.4967743754386902,65694.5513287254,81.2951219512195,93.61409139,68.998085127906,5.27749013900757,3.0221599256451
AUS,Australia,2023,7.094600200653076,10.821048736572266,0.9338704347610474,71.04994201660156,0.890199601650238,0.1975610703229904,0.4959157407283783,60029.1329190733,83.2,96.11940002,87.3343268253813,5.05915021896362,4.05215286724898
CAN,Canada,2023,6.960700035095215,10.772655487060549,0.9287933111190796,71.40003967285156,0.8744681477546692,0.1525465101003646,0.4202114045619964,58321.0611834624,81.0948780487805,94.0,82.3500897353968,4.84426021575928,2.31755804932899
IRL,Ireland,2023,6.910799980163574,11.527361869812012,0.905368447303772,71.29995727539062,0.8743810653686523,0.0916595235466957,0.3579522371292114,123219.076059494,82.509756097561,95.03690338,63.8920250215059,,-6.48790793588936
USA,United States,2023,6.893700122833252,11.04824924468994,0.9191621541976928,65.85025024414062,0.8004881143569946,0.1365049034357071,0.6885946989059448,72679.2575396348,77.4341463414634,92.72850037,80.0324978239707,,1.62816817042838
DEU,Germany,2023,6.8917999267578125,10.878609657287598,0.8959547877311707,71.29983520507812,0.845851480960846,0.0300377290695905,0.4195641279220581,63676.087821808,80.6080487804878,91.62984383,81.7867852780995,5.23916006088257,2.07605246190373
BEL,Belgium,2023,6.859099864959717,10.843586921691896,0.9148709774017334,70.89908599853516,0.8252285122871399,0.0014193850802257,0.5485734343528748,62561.7810453236,81.7487804878049,94.00783071,87.489200269855,6.27611017227173,2.22243107053374
CZE,Czechia,2023,6.845200061798096,10.6110200881958,0.9525779485702516,69.04974365234375,0.90251487493515,0.039763081818819,0.8589491844177246,48390.661678675,78.9292682926829,84.54009378,72.6967638379524,4.30291986465454,3.02937517288668
GBR,United Kingdom,2023,6.795599937438965,10.70424461364746,0.8822047114372253,70.30000305175781,0.8521915674209595,0.2533075213432312,0.4540797472000122,53139.151252206,81.0112195121951,95.46530151,83.0753982997505,,2.91635435189931
LTU,Lithuania,2023,6.763000011444092,10.567838668823242,0.9393466114997864,67.3969955444336,0.7478520274162292,-0.1452128291130066,0.8050867319107056,46651.2145810247,75.6439024390244,87.72420219,68.2866452426813,4.25285005569458,3.40588108209325
FRA,France,2023,6.661300182342529,10.700735092163086,0.9088037610054016,72.30005645751953,0.818730354309082,-0.1002898514270782,0.5526185035705566,53673.8137406422,82.1292682926829,85.33331734,78.7591921123356,5.32434988021851,4.0180319137717
SVN,Slovenia,2023,6.649899959564209,10.58829116821289,0.9505247473716736,71.05184936523438,0.9132804870605468,0.0144006377086043,0.7712460160255432,47050.0676441642,81.2829268292683,88.91248552,55.3377817873563,5.28065013885498,3.64010857871706
CRI,Costa Rica,2023,6.608500003814697,9.951566696166992,0.8716379404067993,70.0,0.8950209617614746,-0.0698049068450927,0.767810046672821,24831.7193480342,79.316,82.59801121,78.4405687613972,5.5472297668457,5.4175310653788
ROU,Romania,2023,6.589099884033203,10.339055061340332,0.8479619026184082,67.05085754394531,0.8558145761489868,-0.1717483699321746,0.9290894269943236,39256.9888833852,75.1536585365854,85.50309124,52.1634832477272,3.2788200378418,3.88647349252643
SGP,Singapore,2023,6.586699962615967,11.571497917175291,0.8775396943092346,73.80000305175781,0.8776695728302002,0.0627389848232269,0.1461123824119568,133571.962410322,82.8951219512195,95.95386476,100.0,2.47478008270264,28.3188156351916
ARE,United Arab Emirates,2023,6.571199893951416,11.145174026489258,0.825512707233429,66.24315643310547,0.9417835474014282,0.0956914871931076,0.5837928652763367,70075.6300053372,80.487,100.0,85.5147347682487,,4.44591399207935
URY,Uruguay,2023,6.493899822235107,10.03650951385498,0.9132089614868164,67.5,0.8952000141143799,-0.0646173283457756,0.574579119682312,30804.7032775797,76.468,89.87304314,95.4977416992188,4.4795298576355,12.4804063396028
SVK,Slovakia,2023,6.468599796295166,10.353433609008787,0.9525606036186218,68.83783721923828,0.7532278895378113,-0.0164425987750291,0.897835910320282,38664.9076949851,76.9658536585366,89.06766196,53.1902831072528,4.65688991546631,4.16872005912019
SAU,Saudi Arabia,2023,6.462600231170654,10.71545124053955,0.8838691711425781,64.39929962158203,0.8938149809837341,-0.0806520581245422,0.6913089752197266,67178.5902274906,77.31,100.0,84.1349430023993,,2.1556449627378
EST,Estonia,2023,6.4552001953125,10.541337966918944,0.945625901222229,69.6501693725586,0.9287907481193542,0.0317642949521541,0.4094670116901397,43128.6327713627,77.8439024390244,91.52016546,70.4892333736738,5.20733976364136,4.52988372813183
ESP,Spain,2023,6.436200141906738,10.540300369262695,0.9317399263381958,72.3499755859375,0.782114565372467,-0.0659279972314834,0.7105185389518738,46733.4809780536,83.1341463414634,94.4855432,79.9548794567814,4.58553981781006,4.65609043363165
ITA,Italy,2023,6.4045000076293945,10.634051322937012,0.881569504737854,72.05000305175781,0.7105135917663574,-0.0735428035259246,0.8417539000511169,52333.3274270604,82.7,85.06074504,69.4839779766539,4.06775999069214,2.94181405797187
XKX,Kosovo,2023,6.367599964141846,9.359097480773926,0.8437927961349487,65.19499206542969,0.861473560333252,0.2587166726589203,0.8661229014396667,13022.4627441502,77.623,,47.8001996538455,,8.1685714094263
CHL,Chile,2023,6.333799839019775,10.113971710205078,0.8891310691833496,70.2998275756836,0.7922620177268982,-0.0110291121527552,0.8227498531341553,29569.4775527937,79.176,92.31819916,88.6395352768685,4.91201019287109,6.2318507042491
MEX,Mexico,2023,6.329500198364258,9.849601745605469,0.8040080666542053,65.80000305175781,0.8562236428260803,-0.0935604721307754,0.7683507204055786,21391.8573692427,73.973,78.63217894,79.199683215791,4.05987977981567,2.67267286258385
MLT,Malta,2023,6.299900054931641,10.660865783691406,0.922677516937256,71.60003662109375,0.8856375217437744,0.1193149834871292,0.7288661599159241,56841.958125813,82.2975609756098,91.54062209,95.6003155132879,4.71258020401001,115.053872398938
PAN,Panama,2023,6.264500141143799,10.305059432983398,0.8963010907173157,68.95027160644531,0.8550963401794434,-0.1333904266357422,0.8782973885536194,33915.1526066674,79.324,67.2838974,65.8211343914956,3.37781000137329,3.2250848191713
POL,Poland,2023,6.259699821472168,10.45294189453125,0.9250565767288208,69.04891967773438,0.7654918432235718,-0.0309511870145797,0.7355665564537048,43405.0215797441,77.1560975609756,86.94113479,59.8315488048321,4.31372976303101,6.00626096603428
NIC,Nicaragua,2023,6.258800029754639,8.617688179016113,0.8528122305870056,65.64956665039062,0.8774302005767822,0.0209305360913276,0.6250089406967163,7277.82264804562,74.463,59.38000107,58.9954376220703,3.80001496174069,8.23239650343154
LVA,Latvia,2023,6.212699890136719,10.370321273803713,0.9371284246444702,66.4003677368164,0.8176073431968689,-0.0555824823677539,0.8302519917488098,37718.7097958367,74.2780487804878,91.03009059,68.2570218109034,4.3196702003479,3.20337891789771
BHR,Bahrain,2023,6.173200130462647,10.775781631469728,0.8438454270362854,65.82499694824219,0.9439725875854492,0.1170251443982124,0.736698567867279,57572.997981018,80.992,100.0,100.0,1.71192127094005,4.20018456310523
GTM,Guatemala,2023,6.150300025939941,9.11570930480957,0.8117339015007019,62.900001525878906,0.8559675216674805,-0.0572603940963745,0.8365757465362549,12147.9309684074,71.206,54.40430069,55.2581228215265,3.20787000656128,1.51615526851124
KAZ,Kazakhstan,2023,6.143899917602539,10.16606616973877,0.9314469695091248,65.8017349243164,0.8532366156578064,-0.0004826637741643,0.7214602828025818,33506.2614893237,73.503,92.29685266,61.444157327248,4.36185360851405,2.25355434978679
SRB,Serbia,2023,6.143599987030029,9.85398006439209,0.8730476498603821,67.08761596679688,0.8450360298156738,0.203995332121849,0.816429853439331,24651.9500494588,75.2365853658537,83.53825397,61.9013813540396,3.08255004882812,6.90354140371273
CYP,Cyprus,2023,6.130000114440918,10.6112060546875,0.8260807394981384,72.80194091796875,0.7238736748695374,-0.0600265711545944,0.8597859740257263,50623.796875,80.434,89.60099194,66.6694829407584,4.74210977554321,0.172623612662826
JPN,Japan,2023,6.129000186920166,10.615657806396484,0.8941164612770081,74.3494644165039,0.7994951009750366,-0.2369365394115448,0.6399160623550415,44972.3438362201,83.9963414634146,84.92343147,91.9776532428406,,1.12971840820326
HRV,Croatia,2023,6.125,10.340739250183104,0.9171806573867798,68.94998168945312,0.7571233510971069,-0.0926464051008224,0.9252828359603882,39864.0100879958,77.5756097560976,82.07155532,56.9977571733605,,5.51626974323097
BRA,Brazil,2023,6.124599933624268,9.58218765258789,0.836276650428772,65.74871063232422,0.8013285398483276,-0.0093699628487229,0.7376851439476013,18554.0461828519,74.872,80.52775094,87.349556243881,5.61920976638794,3.86803201499441
SLV,El Salvador,2023,6.121600151062012,9.089116096496582,0.7547428011894226,65.59691619873047,0.9175320863723756,-0.1079049557447433,0.6196134686470032,11085.6178074688,71.969,60.05609894,74.1465021298679,3.26848006248474,0.0823187568481088
HUN,Hungary,2023,6.041200160980225,10.418682098388672,0.9426373243331908,67.50045013427734,0.7578166723251343,-0.0591716542840004,0.8388599753379822,40610.9711368238,75.8682926829268,89.14282688,70.1585064243445,3.8011999130249,-1.08324491969383
ARG,Argentina,2023,6.02370023727417,9.95878791809082,0.8908900618553162,67.20008087158203,0.8226782083511353,-0.0894799306988716,0.8140133619308472,27825.0273492567,75.806,88.37535691,92.112838186126,4.79263019561768,2.3984601182853
HND,Honduras,2023,6.022500038146973,8.635234832763672,0.7655693888664246,64.0630111694336,0.8426064848899841,0.0973521620035171,0.8429010510444641,6352.58710177732,72.715,56.88069916,57.8364689017254,4.48280030802056,2.41292398026651
UZB,Uzbekistan,2023,6.0142998695373535,8.948406219482422,0.874754011631012,65.3005142211914,0.9379149079322816,0.2295317649841308,0.6381723880767822,9607.56167273449,72.147,83.90000012,50.9847412109375,5.23477171022152,2.94947448385164
MYS,Malaysia,2023,6.01230001449585,10.169085502624512,0.7986076474189758,65.66233825683594,0.876727819442749,0.1595873385667801,0.7584688663482666,32129.2217820113,75.444,97.3986404,75.9741357073003,3.49933781956284,3.68486215546291
PRT,Portugal,2023,5.9679999351501465,10.4286527633667,0.877972424030304,71.25039672851562,0.902433216571808,-0.1960751861333847,0.8780763149261475,41070.861152974,81.6317073170732,84.49690644,61.1259255772782,4.55160999298096,5.08368921917484
KOR,South Korea,2023,5.951099872589111,10.69267463684082,0.8116115927696228,73.65018463134766,0.7168270945549011,-0.0462142340838909,0.7011785507202148,53228.6035655365,82.6804878048781,97.16855335,81.1624941626873,5.40910005569458,1.39186469730544
GRC,Greece,2023,5.930900096893311,10.288155555725098,0.8349514007568359,71.14976501464844,0.5679218173027039,-0.2395679205656051,0.7932218313217163,35831.3441781205,80.7878048780488,83.17066333,78.5502190980809,3.37547993659973,3.69648293387112
MUS,Mauritius,2023,5.902299880981445,9.95720100402832,0.888333261013031,63.85012435913086,0.8129426836967468,-0.0282245129346847,0.7749056816101074,25085.9891959451,73.5146341463415,75.5,39.0000125885784,4.84085988998413,4.21993412406582
THA,Thailand,2023,5.8429999351501465,9.751472473144531,0.8735074400901794,68.44964599609375,0.8503376245498657,0.288653165102005,0.9103906750679016,20762.7952598527,75.291,87.97724503,59.742374420166,2.61187022798634,2.39179841841837
MNG,Mongolia,2023,5.840199947357178,9.372422218322754,0.9328268766403198,60.49993133544922,0.7011629343032837,0.1904609650373459,0.8487215042114258,15310.4349469163,71.9007317073171,81.07720184,69.783805847168,,14.6053065112102
KGZ,Kyrgyzstan,2023,5.825300216674805,8.485833168029785,0.911150336265564,66.85247039794922,0.93429297208786,0.1813510954380035,0.9037905335426332,6139.77788825006,72.0487804878049,84.1937027,34.7003053497743,7.16884382244099,0.451992680624909
MDA,Moldova,2023,5.819200038909912,9.498775482177734,0.8566350340843201,65.29906463623047,0.8397157788276672,-0.0800843685865402,0.900856614112854,15358.0153548867,71.546,74.91899872,42.4048843383789,6.10430002212524,4.03446735088075
CHN,China,2023,5.81790018081665,9.738065719604492,0.8356984853744507,68.68879699707031,0.8818911910057068,-0.0407825037837028,0.7272279858589172,21499.3822834427,78.202,75.61131603,65.2176361083984,,1.03841365474349
VNM,Vietnam,2023,5.763299942016602,9.286938667297363,0.8211429715156555,65.5024185180664,0.938640594482422,-0.0036427439190447,0.7588440775871277,12979.7639049934,74.502,78.58999918,37.5478515625,2.88738689372749,4.32947308910883
PRY,Paraguay,2023,5.737800121307373,9.509722709655762,0.9060643315315248,65.89987182617188,0.8908432126045227,0.020743167027831,0.8425903916358948,15259.1456311862,72.319,76.25916611,68.6396537819458,3.39619994163513,2.03844719825164
MNE,Montenegro,2023,5.7221999168396,9.81259059906006,0.8896059989929199,67.0999984741211,0.8049980401992798,0.063483290374279,0.8444382548332214,25583.4216629604,76.1878048780488,88.22192026,65.4012965440866,,13.9582230042507
JAM,Jamaica,2023,5.702700138092041,9.16460132598877,0.8673140406608582,66.5999984741211,0.8223790526390076,-0.1062569320201873,0.8750672340393066,11096.6377085321,71.481,85.84329987,57.9879906034775,5.35435009002685,1.69418617103882
BOL,Bolivia,2023,5.684299945831299,8.984602928161621,0.8113415241241455,63.59894180297852,0.8683634400367737,-0.0627197548747062,0.8457956910133362,11487.7148799194,67.434,72.62270355,70.6352598708131,7.57551002502441,0.0122391923945909
RUS,Russia,2023,5.660699844360352,10.20974826812744,0.8886616826057434,64.947265625,0.7193708419799805,-0.0303580816835165,0.8014196753501892,38214.49609375,72.5456097560976,90.41799163,74.8544893625017,4.05402755323777,-1.73680981421063
BIH,Bosnia and Herzegovina,2023,5.632500171661377,9.615763664245604,0.8803004622459412,67.27503204345703,0.7461434006690979,0.2064070999622345,0.917537808418274,19298.1971056448,76.777,78.8455371,51.0215287060993,2.97012986426524,3.7882728069108
COL,Colombia,2023,5.63040018081665,9.584429740905762,0.8216689825057983,69.34968566894531,0.8042616844177246,-0.1043145880103111,0.83354651927948,18458.7209460704,76.508,72.79637855,78.0464633137335,,4.97124137726565
DOM,Dominican Republic,2023,5.568900108337402,9.810591697692873,0.8270636200904846,64.39896392822266,0.8500227928161621,-0.0987941995263099,0.6567947268486023,22986.95808105,74.211,81.51269675,72.4203155643711,3.61088872070271,3.56897098132173
ECU,Ecuador,2023,5.558899879455566,9.270211219787598,0.8057536482810974,69.0002212524414,0.8022295236587524,-0.1076728552579879,0.8325657844543457,14186.6388544625,76.577,69.71811356,63.0901835932266,3.61301994323731,0.759467924339618
PER,Peru,2023,5.525899887084961,9.401518821716309,0.7979649901390076,69.84983825683594,0.7943701148033142,-0.1188521385192871,0.8917118310928345,15559.821643644,76.834,74.67495213,84.3663554951194,3.83975005149841,4.55221582089149
PHL,Philippines,2023,5.522900104522705,8.978732109069824,0.7799321413040161,62.03751754760742,0.9185475707054138,-0.0598896220326423,0.7320905923843384,9457.10395402883,69.472,75.21114422,54.7902343568327,3.57960089528426,2.3475097233369
BGR,Bulgaria,2023,5.466100215911865,10.086685180664062,0.9182446599006652,66.49977111816406,0.8005364537239075,-0.0568269826471805,0.9109797477722168,32433.7937497005,74.1609756097561,79.12686326,73.4799164005224,4.50109004974365,5.24661564677497
NPL,Nepal,2023,5.360300064086914,8.256011962890625,0.7478566765785217,61.84700012207031,0.8079494833946228,0.1459351778030395,0.7833759188652039,4763.38751073946,70.087,45.45080185,66.2992968721053,4.13645081690396,0.160405404733603
ARM,Armenia,2023,5.341700077056885,9.614712715148926,0.7902310490608215,67.78897094726562,0.7956050634384155,-0.1553149670362472,0.7054339051246643,17886.1783877168,74.7658536585366,77.02767465,65.5624462874485,2.4918999671936,4.99991586140552
TJK,Tajikistan,2023,5.329800128936768,8.236533164978027,0.8355719447135925,62.225528717041016,0.8320024609565735,-0.059758573770523,0.5215774178504944,4213.75618362687,71.562,48.91429901,26.1957126615618,5.39829770599001,1.62432287476597
DZA,Algeria,2023,5.329100131988525,9.300213813781738,0.8552190065383911,66.54923248291016,0.5712404251098633,-0.1173740327358245,0.7169064283370972,14782.2002970247,76.129,74.78150177,74.1795862354514,4.74924673000603,0.107187812155079
HKG,Hong Kong S.A.R. of China,2023,5.308499813079834,10.966443061828612,0.8169247508049011,77.27977752685547,0.6873374581336975,-0.0258915331214666,0.3846096694469452,64036.6454154727,83.6609756097561,95.61357052,100.0,3.72866988182068,34.127375983385
ALB,Albania,2023,5.277299880981445,9.567472457885742,0.7179091572761536,69.15007019042969,0.7943277955055237,-0.0069323987700045,0.8780936002731323,19388.8731331744,78.769,82.61367544,57.8643477747383,2.72977995872498,7.57934042905775
IDN,Indonesia,2023,5.276899814605713,9.38515567779541,0.803985059261322,63.04774475097656,0.8801135420799255,0.5313863158226013,0.8759906888008118,13334.2653947637,70.925,66.48461277,57.4934704226599,0.863943349575907,1.87264100861425
ZAF,South Africa,2023,5.274600028991699,9.477535247802734,0.906631350517273,56.98897171020508,0.7300763726234436,-0.086628682911396,0.9021425843238832,13767.4967589936,65.454,78.29319763,63.4766699210327,6.15599012374878,2.26670277731613
COG,Congo (Brazzaville),2023,5.267099857330322,8.095203399658203,0.6046052575111389,56.85004425048828,0.7300418019294739,-0.0043394467793405,0.7391861081123352,6205.1050414034,65.0,40.98669815,63.6422003342807,2.72738253259215,3.36508336137956
MKD,North Macedonia,2023,5.253600120544434,9.703169822692873,0.8047484159469604,66.50035095214844,0.7689635753631592,0.1312396973371505,0.9017152786254884,22822.3280431288,74.4248780487805,83.85030365,61.9530566607267,,6.13067578989693
VEN,Venezuela,2023,5.210599899291992,5.526723384857178,0.8388254046440125,64.04983520507812,0.6587069630622864,0.1283712387084961,0.8114349842071533,,72.566,75.82180023,89.2132204732836,,2.63893280227629
LAO,Laos,2023,5.110700130462647,8.962409019470215,0.6789469718933105,60.945587158203125,0.9188553094863892,0.0909888669848442,0.7025218605995178,8183.03286472653,68.715,64.54000092,38.0682382805397,1.46083440434069,4.69509225789707
GEO,Georgia,2023,5.109099864959717,9.646263122558594,0.7161714434623718,64.95006561279297,0.7864701747894287,-0.2542763352394104,0.6488924622535706,20966.5280391134,74.141,78.71127536,60.0101622679115,3.75498008728027,9.03652531888906
GIN,Guinea,2023,5.071700096130371,7.880491733551025,0.6486329436302185,54.185394287109375,0.6587153673171997,0.1252006888389587,0.7869686484336853,3792.01068836277,60.432,31.31399918,37.2384967469106,2.00722302981184,3.30630355394451
UKR,Ukraine,2023,5.071400165557861,9.313715934753418,0.8775262236595154,64.5501708984375,0.7954239845275879,0.2403110712766647,0.9067386388778688,13787.12109375,72.658,80.47429657,69.42345912103,,0.136428578229067
CIV,Ivory Coast,2023,5.052700042724609,8.576385498046875,0.5723483562469482,55.95271301269531,0.7326547503471375,0.0028205241542309,0.7458509802818298,6272.26395759415,61.562,38.41328122,52.8492549676673,3.47484993934631,2.2547265327193
GAB,Gabon,2023,5.0346999168396,9.537482261657717,0.7455086708068848,58.25178909301758,0.6417741179466248,-0.187012106180191,0.7863147854804993,18662.0497970621,67.713,67.67169952,91.2243355459988,2.20773650357931,5.40389729406011
NGA,Nigeria,2023,4.980599880218506,8.49583911895752,0.739812433719635,54.89082717895508,0.7184043526649475,0.0728492066264152,0.9111672043800354,7752.26206532009,54.079,39.14720154,61.3727650622225,0.348516707890877,-0.0288727652154093
CMR,Cameroon,2023,4.973199844360352,8.21674919128418,0.6862311959266663,55.84713745117188,0.6862788796424866,0.0147625766694545,0.8463644981384277,4843.65038202917,62.443,40.12559891,54.8458745688318,2.65952378267367,2.08735032157122
MOZ,Mozambique,2023,4.953999996185303,7.116300582885742,0.6918163299560547,51.53021240234375,0.8514707088470459,0.0466913282871246,0.6604602932929993,1476.66560298097,63.011,18.96220016,35.0536638047945,5.97607342054314,16.0042947069706
IRQ,Iraq,2023,4.940899848937988,9.098432540893556,0.7184528112411499,63.41473388671875,0.6457712054252625,-0.0053996844217181,0.8762640357017517,13433.3977166987,72.037,78.71560926,69.8682861328125,,-0.726653366772653
PSE,State of Palestine,2023,4.907800197601318,8.716377258300781,0.8594945073127747,,0.6944997906684875,-0.1323699057102203,0.8357949256896973,5753.08395899307,76.662,88.64690554,86.5961423216016,,1.62179695015304
MAR,Morocco,2023,4.9028000831604,8.973066329956055,0.5531101226806641,63.90077590942383,0.7872825860977173,-0.2307837307453155,0.8108253479003906,8690.4482421875,75.161,89.9,62.5118468550703,5.91224674061277,1.74814323662076
IRN,Iran,2023,4.876299858093262,9.610322952270508,0.777547299861908,66.59994506835938,0.592562198638916,0.1729328036308288,0.7470312714576721,16377.9610645368,76.799,81.71649933,76.3342208862305,2.6699800491333,0.354893288694741
SEN,Senegal,2023,4.855100154876709,8.15528678894043,0.6292861104011536,59.998931884765625,0.7716072201728821,0.0107729323208332,0.8458921313285828,4228.73382642974,67.788,56.82830048,53.4435061024348,5.95222997665405,10.5411241953817
MRT,Mauritania,2023,4.723899841308594,8.590913772583008,0.6438930630683899,60.47499847412109,0.6222173571586609,-0.0127996131777763,0.6573241949081421,6053.26178155509,68.281,42.46450043,58.8120996197226,1.38966000080109,14.6644208551054
BFA,Burkina Faso,2023,4.637599945068359,7.666715621948242,0.6634751558303833,55.461307525634766,0.696463406085968,0.0953673347830772,0.7713660597801208,2469.19956941259,60.7,25.3987999,27.2791369742712,5.29456753304241,3.59640793567206
NAM,Namibia,2023,4.630799770355225,9.120738983154297,0.7869246602058411,56.8513298034668,0.6694822311401367,-0.1255770772695541,0.8303823471069336,9953.09752403491,64.19,62.99720001,49.5291037671807,9.3919470845238,8.40166893779959
TUR,Turkiye,2023,4.613500118255615,10.30681324005127,0.7957817316055298,68.6626968383789,0.4753239154815674,-0.0770171359181404,0.7948973774909973,33520.8111384208,77.591,83.43716576,89.0381164550781,3.09571003913879,1.48839623728753
GHA,Ghana,2023,4.605000019073486,8.595744132995605,0.6406720876693726,58.76277542114258,0.7769143581390381,0.1392538547515869,0.8805339336395264,6728.45414012286,65.246,69.91329956,57.250609602871,2.90963831638452,1.93240124339233
PAK,Pakistan,2023,4.555399894714356,8.54032039642334,0.6013326644897461,57.3125,0.7656802535057068,0.0078154867514967,0.7866216897964478,5526.27928310213,67.417,,38.3740439760816,1.97300945756988,0.389980753542853
NER,Niger,2023,4.501299858093262,7.0909833908081055,0.5900665521621704,56.54999923706055,0.7877514958381653,0.0322939865291118,0.733547568321228,1717.51891457684,60.398,13.08749962,17.477207007512,3.71231832079626,6.25880834283465
TUN,Tunisia,2023,4.496699810028076,9.24356746673584,0.7297623753547668,67.00008392333984,0.5764917731285095,-0.2126037180423736,0.9067373871803284,12712.22345453,76.05,,69.707138648303,6.8049896073928,1.43159199894021
KEN,Kenya,2023,4.486599922180176,8.458258628845215,0.6900045871734619,58.49850845336914,0.6955903768539429,0.2881151735782623,0.8524206876754761,5491.69378280246,63.549,29.40589905,31.4307820066946,4.51101801829815,0.691645983068062
LKA,Sri Lanka,2023,4.441599845886231,9.491007804870604,0.8259633183479309,67.14990234375,0.7865561246871948,-0.0299883000552654,0.8084906339645386,13249.065064602,77.3,48.3,19.9877933196367,1.20397218661186,1.19249322228342
UGA,Uganda,2023,4.432499885559082,7.715771675109863,0.7940431237220764,58.91272735595703,0.7012752890586853,0.1137360781431198,0.8572147488594055,2724.90609568409,67.675,9.636899948,29.9251969709665,2.56105027176925,6.48067616265599
TCD,Chad,2023,4.396599769592285,7.261128902435303,0.7220418453216553,53.125,0.6767348647117615,0.2211616784334182,0.8067120909690857,2449.48251052484,54.528,11.17029953,25.7635558629694,2.6016118897064,3.44402627536712
KHM,Cambodia,2023,4.393499851226807,8.384782791137695,0.7465294599533081,61.89963150024414,0.9584201574325562,0.0733139291405677,0.8572046160697937,6458.3681488084,70.528,65.49079895,40.374616187368,1.95793279576416,8.94830125779534
BEN,Benin,2023,4.373700141906738,8.103285789489746,0.4370720982551574,56.09510040283203,0.7433569431304932,-0.0425225719809532,0.5756282806396484,3588.32519938147,60.475,30.53730011,50.9627000010887,3.0972642678305,2.15770537478617
MMR,Myanmar,2023,4.372499942779541,8.403970718383789,0.7867182493209839,61.38812255859375,0.7271373271942139,0.4913972020149231,0.6584481000900269,5350.47666899931,66.506,,30.311095757938,,1.98946076043536
BGD,Bangladesh,2023,4.282100200653076,8.684880256652832,0.5444689989089966,64.54842376708984,0.8450080156326294,0.0050503765232861,0.6981850862503052,7888.16389098304,74.265,41.61650085,31.673734726234,2.08538657806243,0.347960024540439
GMB,Gambia,2023,4.279399871826172,7.6478166580200195,0.5842756032943726,57.900001525878906,0.5964681506156921,0.3642035126686096,0.8826649188995361,2863.18049829859,64.859,48.22539902,63.2869880996278,2.89168744551701,10.4995860985808
MLI,Mali,2023,4.197800159454346,7.655168056488037,0.5934811234474182,55.40291976928711,0.7128318548202515,-0.0282113049179315,0.8460237383842468,2813.81095962843,60.035,35.19919968,30.4015705681899,4.04512227529275,3.17422530916772
EGY,Egypt,2023,4.170499801635742,9.366826057434082,0.726098895072937,63.50303649902344,0.732426106929779,-0.1829059422016143,0.5802462100982666,16360.3907750364,71.01,72.19806556,42.6325129008032,,2.39118080969079
TGO,Togo,2023,4.137400150299072,7.673266410827637,0.5953555107116699,57.44898223876953,0.6574302911758423,0.0240082331001758,0.7398090958595276,2739.68813234711,62.292,35.60749817,42.7332327975627,3.77811083266775,-2.00429827129667
JOR,Jordan,2023,4.119800090789795,9.13038158416748,0.7292184233665466,67.5999984741211,0.7701277136802673,-0.1498849242925644,0.6872015595436096,9266.57538251337,77.088,90.4999984,92.4048379066163,3.15300011634827,1.97382535440765
ETH,Ethiopia,2023,4.09060001373291,7.738730430603027,0.7824801206588745,60.69827651977539,0.7202762365341187,0.2733151912689209,0.7886511087417603,2655.59276743729,66.897,17.9836998,22.7367687225342,3.73649512188829,2.9803331590978
LBR,Liberia,2023,4.042300224304199,7.27675199508667,0.5963802337646484,56.70000076293945,0.7352649569511414,0.1543213427066803,0.8300513029098511,1578.99837069175,61.934,30.38010025,54.4591057083,2.2760960068702,3.09332516183889
IND,India,2023,4.035799980163574,8.758988380432129,0.6082374453544617,60.77688217163086,0.896719217300415,0.0717499554157257,0.7735828757286072,8594.39190499879,71.698,55.9,34.7555673994206,4.09865814174589,1.49248825904
MDG,Madagascar,2023,4.019100189208984,7.290209770202637,0.6498976349830627,58.04999923706055,0.5218921303749084,0.0754376798868179,0.7418231964111328,1602.71368352337,63.068,17.81170082,31.5397813465886,3.06772823003204,3.05272592480357
ZMB,Zambia,2023,3.982199907302856,8.073851585388184,0.6935360431671143,55.03213882446289,0.7908714413642883,0.0983889028429985,0.8175567388534546,3585.12379084347,65.279,15.0,44.5988511178469,3.65884092023983,-0.223286755156161
TZA,Tanzania,2023,3.69379997253418,7.857411861419678,0.652874767780304,59.401485443115234,0.8379266262054443,0.1819900274276733,0.5538731813430786,3546.98095703125,66.879,26.86059952,34.8234736377147,3.2382450375764,1.89781100360764
COM,Comoros,2023,3.5452001094818115,8.074591636657715,0.470725268125534,59.42499923706055,0.4698722958564758,-0.0142812309786677,0.7269982695579529,3399.27830776976,66.481,31.37409973,32.7746035528748,2.43164424110924,0.337727307705265
MWI,Malawi,2023,3.495199918746948,7.301522731781006,0.5307964086532593,58.475345611572266,0.7500357627868652,0.0051932921633124,0.748948872089386,1659.95933825168,66.037,16.84830093,16.7146031979436,2.74888371105811,1.5988861608404
BWA,Botswana,2023,3.43530011177063,9.629345893859863,0.753311276435852,54.72499847412109,0.7422487139701843,-0.2146205604076385,0.830392062664032,18647.3734588832,68.749,57.9,66.5889787170477,,3.49204705165089
COD,Congo (Kinshasa),2023,3.207200050354004,7.00667142868042,0.6516097784042358,55.375,0.6637976765632629,0.0859979018568992,0.833751916885376,1484.33841881449,60.979,17.99620056,44.003287663813,2.84466514463005,2.00131622839817
ZWE,Zimbabwe,2023,3.2035000324249268,7.640997886657715,0.6899175047874451,54.04988861083984,0.6540554761886597,-0.0462302304804325,0.7655823230743408,5036.76136109489,62.36,36.25650024,38.7055207169041,,0.826254039449821
SLE,Sierra Leone,2023,3.13759994506836,7.394014358520508,0.5552510619163513,54.89985275268555,0.6603673100471497,0.1049290895462036,0.8577796816825867,2934.73326430435,61.275,21.50880051,44.2666343543487,4.90762996673584,2.03619504430889
LBN,Lebanon,2023,2.392199993133545,9.47767734527588,0.5297536849975586,66.14881896972656,0.4739002883434295,-0.1409149914979934,0.8911038637161255,11474.7505845558,78.003,81.46479797,90.206313713022,1.33151427628711,2.50966160641735
AFG,Afghanistan,2023,1.8589999675750728,7.324032306671143,0.3413406312465668,54.71240997314453,0.381641685962677,-0.0810111239552497,0.8472148180007935,1981.71016810561,65.617,15.86629963,25.3939250580909,,
