country_code,country_name,gdp_pc_ppp,life_exp,internet_pct,urban_pct,education_spend_pct,fdi_pct
ABW,Aruba,38979.8358245412,76.226,,61.8811657924257,,7.4653342753216
AFE,Africa Eastern and Southern,4106.50190693219,64.4871517904367,26.8,37.3605781096471,3.69766802106406,1.71786547617322
AFG,Afghanistan,1981.71016810561,65.617,15.86629963,25.3939250580909,,
AFW,Africa Western and Central,5806.17289006101,57.9878499444678,37.5,51.6816941134779,2.89168744551701,1.46814555146344
AGO,Angola,8950.14259255142,64.246,35.83800125,69.0506188977513,2.38535898416633,-5.02899288556058
ALB,Albania,19388.8731331744,78.769,82.61367544,57.8643477747383,2.72977995872498,7.57934042905775
AND,Andorra,63913.3835079105,84.016,94.05169678,88.7548766267286,2.64727997779846,17.5702350620217
ARB,Arab World,16905.4902749583,71.8760955992222,,59.3339325148117,,2.07805996103919
ARE,United Arab Emirates,70075.6300053372,80.487,100.0,85.5147347682487,,4.44591399207935
ARG,Argentina,27825.0273492567,75.806,88.37535691,92.112838186126,4.79263019561768,2.3984601182853
ARM,Armenia,17886.1783877168,74.7658536585366,77.02767465,65.5624462874485,2.4918999671936,4.99991586140552
ASM,American Samoa,,72.752,,81.794797704649,,
ATG,Antigua and Barbuda,27941.7851474762,77.483,71.9233017,24.5114484000414,2.50368755552383,16.3832463643885
AUS,Australia,60029.1329190733,83.2,96.11940002,87.3343268253813,5.05915021896362,4.05215286724898
AUT,Austria,65694.5513287254,81.2951219512195,93.61409139,68.998085127906,5.27749013900757,3.0221599256451
AZE,Azerbaijan,21051.2442291612,74.125,88.0,58.4382815854684,3.04689002037048,-5.67773710614177
BDI,Burundi,1031.25412243175,62.882,7.144800186,22.3202446002597,,0.625576918322977
BEL,Belgium,62561.7810453236,81.7487804878049,94.00783071,87.489200269855,6.27611017227173,2.22243107053374
BEN,Benin,3588.32519938147,60.475,30.53730011,50.9627000010887,3.0972642678305,2.15770537478617
BFA,Burkina Faso,2469.19956941259,60.7,25.3987999,27.2791369742712,5.29456753304241,3.59640793567206
BGD,Bangladesh,7888.16389098304,74.265,41.61650085,31.673734726234,2.08538657806243,0.347960024540439
BGR,Bulgaria,32433.7937497005,74.1609756097561,79.12686326,73.4799164005224,4.50109004974365,5.24661564677497
BHR,Bahrain,57572.997981018,80.992,100.0,100.0,1.71192127094005,4.20018456310523
BHS,"Bahamas, The",34342.9285316569,74.491,92.2559967,81.3200717047725,2.62367021406169,3.82040434055862
BIH,Bosnia and Herzegovina,19298.1971056448,76.777,78.8455371,51.0215287060993,2.97012986426524,3.7882728069108
BLR,Belarus,26537.5083081674,74.1033658536585,89.50733148,78.4732787892908,4.62823009490967,2.17745011943276
BLZ,Belize,12565.3645829576,72.19,69.98329926,42.1373251262137,4.60415983200073,4.95003696669658
BMU,Bermuda,98145.1689383889,82.062,,100.0,1.77583338857166,0.0748475167550859
BOL,Bolivia,11487.7148799194,67.434,72.62270355,70.6352598708131,7.57551002502441,0.0122391923945909
BRA,Brazil,18554.0461828519,74.872,80.52775094,87.349556243881,5.61920976638794,3.86803201499441
BRB,Barbados,20716.2851304966,75.676,69.06359863,59.3538514107686,4.14000988006592,2.90490784179872
BRN,Brunei Darussalam,76357.829114996,72.917,98.97042579,74.7772642014221,,-1.73946797718401
BTN,Bhutan,14061.3120274588,72.754,88.35620117,40.9365143617581,7.46981980280053,0.289904655137253
BWA,Botswana,18647.3734588832,68.749,57.9,66.5889787170477,,3.49204705165089
CAF,Central African Republic,1136.80171107045,18.818,13.75360012,43.2751967457285,2.11509129476365,1.00929791484186
CAN,Canada,58321.0611834624,81.0948780487805,94.0,82.3500897353968,4.84426021575928,2.31755804932899
CEB,Central Europe and the Baltics,41834.7254053812,76.6522987292583,,61.5935240282645,4.31669998168945,4.17185107299096
CHE,Switzerland,82777.293582076,83.6048780487805,96.45279694,84.9206266284521,4.86427021026611,-1.49836009615472
CHI,Channel Islands,,81.0,,32.7920439098264,,
CHL,Chile,29569.4775527937,79.176,92.31819916,88.6395352768685,4.91201019287109,6.2318507042491
CHN,China,21499.3822834427,78.202,75.61131603,65.2176361083984,,1.03841365474349
CIV,Cote d'Ivoire,6272.26395759415,61.562,38.41328122,52.8492549676673,3.47484993934631,2.2547265327193
CMR,Cameroon,4843.65038202917,62.443,40.12559891,54.8458745688318,2.65952378267367,2.08735032157122
COD,"Congo, Dem. Rep.",1484.33841881449,60.979,17.99620056,44.003287663813,2.84466514463005,2.00131622839817
COG,"Congo, Rep.",6205.1050414034,65.0,40.98669815,63.6422003342807,2.72738253259215,3.36508336137956
COL,Colombia,18458.7209460704,76.508,72.79637855,78.0464633137335,,4.97124137726565
COM,Comoros,3399.27830776976,66.481,31.37409973,32.7746035528748,2.43164424110924,0.337727307705265
CPV,Cabo Verde,8850.1066918812,75.907,73.32740021,75.033738060849,4.7252554800722,5.43014452079405
CRI,Costa Rica,24831.7193480342,79.316,82.59801121,78.4405687613972,5.5472297668457,5.4175310653788
CSS,Caribbean small states,27046.7067687718,72.8322921090607,,50.1314448681558,2.81801009178162,-0.397301239631366
CUB,Cuba,,77.629,67.88410187,77.1056060791016,8.44086351669284,
CUW,Curacao,26734.6457811916,76.729,,91.4007684350799,6.08167033605813,5.71077944316966
CYM,Cayman Islands,76818.8004032916,79.984,,100.0,1.48894000053406,-47.2171219717417
CYP,Cyprus,50623.796875,80.434,89.60099194,66.6694829407584,4.74210977554321,0.172623612662826
CZE,Czechia,48390.661678675,78.9292682926829,84.54009378,72.6967638379524,4.30291986465454,3.02937517288668
DEU,Germany,63676.087821808,80.6080487804878,91.62984383,81.7867852780995,5.23916006088257,2.07605246190373
DJI,Djibouti,6180.67998594606,65.54,63.77600098,72.6109938538856,,5.24930012962196
DMA,Dominica,17550.8009946466,71.081,80.57980347,72.682648635692,6.04314243406571,2.71598643499556
DNK,Denmark,69475.3198650883,81.3048780487805,97.86011812,88.3880239837703,6.35586023330688,6.9048667972729
DOM,Dominican Republic,22986.95808105,74.211,81.51269675,72.4203155643711,3.61088872070271,3.56897098132173
DZA,Algeria,14782.2002970247,76.129,74.78150177,74.1795862354514,4.74924673000603,0.107187812155079
EAP,East Asia & Pacific (excluding high income),18600.020880698,75.9325409436903,81.6,60.8593968560328,2.28490151187525,1.29378662532685
EAR,Early-demographic dividend,11378.5486537272,71.4304552508694,,46.6969243405166,3.59546935615519,1.98225253051193
EAS,East Asia & Pacific,22175.197366634,76.6767167147452,82.4,63.6828244393002,2.88738689372749,2.27977422973751
ECA,Europe & Central Asia (excluding high income),22272.1276293128,74.5731684190474,82.0,68.1628939259503,3.66751503944397,1.83130761906165
ECS,Europe & Central Asia,43405.8010013308,77.834452247983,87.9,73.7292682667978,4.56857490539551,1.19277708323663
ECU,Ecuador,14186.6388544625,76.577,69.71811356,63.0901835932266,3.61301994323731,0.759467924339618
EGY,"Egypt, Arab Rep.",16360.3907750364,71.01,72.19806556,42.6325129008032,,2.39118080969079
EMU,Euro area,56046.7480108303,81.6229719062905,,77.1544577812445,4.96064496040344,0.635945989109081
ERI,Eritrea,,67.789,,34.8469276428223,,
ESP,Spain,46733.4809780536,83.1341463414634,94.4855432,79.9548794567814,4.58553981781006,4.65609043363165
EST,Estonia,43128.6327713627,77.8439024390244,91.52016546,70.4892333736738,5.20733976364136,4.52988372813183
ETH,Ethiopia,2655.59276743729,66.897,17.9836998,22.7367687225342,3.73649512188829,2.9803331590978
EUU,European Union,53777.4777646451,80.7133260356871,,74.7659603902094,4.65688991546631,1.40263277767245
FCS,Fragile and conflict affected situations,5693.99860611589,62.702271566254,34.8,45.5264138281594,,1.00649053179636
FIN,Finland,57068.3056478074,81.1878048780488,92.98879471,73.6967597835949,6.37578010559082,4.66691154081507
FJI,Fiji,12118.3182710082,67.148,72.56549835,58.1352701465266,3.93839539074194,2.08084502833913
FRA,France,53673.8137406422,82.1292682926829,85.33331734,78.7591921123356,5.32434988021851,4.0180319137717
FRO,Faroe Islands,70256.7191950519,82.8162292682927,,38.9959824546757,,
FSM,"Micronesia, Fed. Sts.",3814.99076486823,66.961,39.0279007,22.4122701819053,,
GAB,Gabon,18662.0497970621,67.713,67.67169952,91.2243355459988,2.20773650357931,5.40389729406011
GBR,United Kingdom,53139.151252206,81.0112195121951,95.46530151,83.0753982997505,,2.91635435189931
GEO,Georgia,20966.5280391134,74.141,78.71127536,60.0101622679115,3.75498008728027,9.03652531888906
GHA,Ghana,6728.45414012286,65.246,69.91329956,57.250609602871,2.90963831638452,1.93240124339233
GIB,Gibraltar,,83.517,,100.0,,
GIN,Guinea,3792.01068836277,60.432,31.31399918,37.2384967469106,2.00722302981184,3.30630355394451
GMB,"Gambia, The",2863.18049829859,64.859,48.22539902,63.2869880996278,2.89168744551701,10.4995860985808
GNB,Guinea-Bissau,2603.24022588591,63.605,27.67379951,45.1627159118652,,1.16465840634171
GNQ,Equatorial Guinea,16932.7706827155,63.355,63.65950012,70.8910029445467,,10.1419330984832
GRC,Greece,35831.3441781205,80.7878048780488,83.17066333,78.5502190980809,3.37547993659973,3.69648293387112
GRD,Grenada,16376.4273099594,75.151,68.42030334,36.3688840183487,4.03767284869161,13.3138087097027
GRL,Greenland,70681.2253902158,71.230243902439,,87.8049405256832,,
GTM,Guatemala,12147.9309684074,71.206,54.40430069,55.2581228215265,3.20787000656128,1.51615526851124
GUM,Guam,,77.102,,94.1068261842046,,
GUY,Guyana,37068.1993827588,69.888,76.56240082,26.4536735068183,,-20.3619575428882
HIC,High income,56904.4456638627,79.4267769342303,91.0,79.9046308853316,4.69949984550476,2.01712222808595
HKG,"Hong Kong SAR, China",64036.6454154727,83.6609756097561,95.61357052,100.0,3.72866988182068,34.127375983385
HND,Honduras,6352.58710177732,72.715,56.88069916,57.8364689017254,4.48280030802056,2.41292398026651
HPC,Heavily indebted poor countries (HIPC),3090.26152222753,63.8404661926623,,36.9472479538651,3.0972642678305,2.73864493397505
HRV,Croatia,39864.0100879958,77.5756097560976,82.07155532,56.9977571733605,,5.51626974323097
HTI,Haiti,3057.42840826502,63.948,47.77470016,53.8524949966907,1.02689812206798,0.194598953085393
HUN,Hungary,40610.9711368238,75.8682926829268,89.14282688,70.1585064243445,3.8011999130249,-1.08324491969383
IBD,IBRD only,17005.3678316537,74.2512821129351,74.4,57.7552337954716,3.61195433197001,1.58414742724457
IBT,IDA & IBRD total,13682.5662834982,71.6775988813721,63.0,52.8148643869515,3.49933781956284,1.5753897353979
IDA,IDA total,4924.78728035756,64.8823000336808,32.8,39.7708012570462,3.06772823003204,1.46479915291332
IDB,IDA blend,6528.77500867617,62.1288641416852,36.5,47.6330129185198,2.72738253259215,0.689047970934923
IDN,Indonesia,13334.2653947637,70.925,66.48461277,57.4934704226599,0.863943349575907,1.87264100861425
IDX,IDA only,4079.70265824005,66.3600754986121,30.7,35.5511339217003,3.08249624893127,2.19495367259386
IMN,Isle of Man,,80.956,,52.1955609162662,,
IND,India,8594.39190499879,71.698,55.9,34.7555673994206,4.09865814174589,1.49248825904
INX,Not classified,,,,,,
IRL,Ireland,123219.076059494,82.509756097561,95.03690338,63.8920250215059,,-6.48790793588936
IRN,"Iran, Islamic Rep.",16377.9610645368,76.799,81.71649933,76.3342208862305,2.6699800491333,0.354893288694741
IRQ,Iraq,13433.3977166987,72.037,78.71560926,69.8682861328125,,-0.726653366772653
ISL,Iceland,65380.3173049324,82.119512195122,97.58339691,94.1787071228028,7.30798006057739,4.74021987239207
ISR,Israel,48098.187235579,82.7,91.85079615,91.4979834273327,5.93291997909546,4.35725962102686
ITA,Italy,52333.3274270604,82.7,85.06074504,69.4839779766539,4.06775999069214,2.94181405797187
JAM,Jamaica,11096.6377085321,71.481,85.84329987,57.9879906034775,5.35435009002685,1.69418617103882
JOR,Jordan,9266.57538251337,77.088,90.4999984,92.4048379066163,3.15300011634827,1.97382535440765
JPN,Japan,44972.3438362201,83.9963414634146,84.92343147,91.9776532428406,,1.12971840820326
KAZ,Kazakhstan,33506.2614893237,73.503,92.29685266,61.444157327248,4.36185360851405,2.25355434978679
KEN,Kenya,5491.69378280246,63.549,29.40589905,31.4307820066946,4.51101801829815,0.691645983068062
KGZ,Kyrgyz Republic,6139.77788825006,72.0487804878049,84.1937027,34.7003053497743,7.16884382244099,0.451992680624909
KHM,Cambodia,6458.3681488084,70.528,65.49079895,40.374616187368,1.95793279576416,8.94830125779534
KIR,Kiribati,3107.77604642687,66.269,84.99849701,60.5739126559419,14.7860312820513,1.58130645815643
KNA,St. Kitts and Nevis,29749.8700864823,70.313,75.76229858,31.6156404983167,3.5579615526858,4.1869384420309
KOR,"Korea, Rep.",53228.6035655365,82.6804878048781,97.16855335,81.1624941626873,5.40910005569458,1.39186469730544
KWT,Kuwait,51379.8833194119,80.5878048780488,99.74729919,100.0,6.58236499988891,0.409943823254394
LAC,Latin America & Caribbean (excluding high income),18478.2971735689,74.4897262626476,76.6,80.294444140205,3.83975005149841,3.24322025451026
LAO,Lao PDR,8183.03286472653,68.715,64.54000092,38.0682382805397,1.46083440434069,4.69509225789707
LBN,Lebanon,11474.7505845558,78.003,81.46479797,90.206313713022,1.33151427628711,2.50966160641735
LBR,Liberia,1578.99837069175,61.934,30.38010025,54.4591057083,2.2760960068702,3.09332516183889
LBY,Libya,11450.0598552928,74.462,80.64720154,87.8486088593786,,1.62326033379453
LCA,St. Lucia,22962.2818144554,72.67,66.95159912,29.097678526676,4.64235019683838,2.47761444857422
LCN,Latin America & Caribbean,19352.1819162164,74.6472095421659,77.1,80.8277327769,3.86129930773508,3.41964592792883
LDC,Least developed countries: UN classification,3853.83273030739,65.7632017862259,28.2,35.2589263540141,2.89168744551701,1.69971103564668
LIC,Low income,2312.38443050134,63.4583410155387,21.2,36.4160805989563,2.97970783777452,3.77495431945092
LIE,Liechtenstein,,84.1219512195122,97.88069916,14.6923070071538,,
LKA,Sri Lanka,13249.065064602,77.3,48.3,19.9877933196367,1.20397218661186,1.19249322228342
LMC,Lower middle income,8238.69538193574,69.3010946755529,52.3,40.7971368007104,3.19562257696233,1.53111069801376
LMY,Low & middle income,12853.4642681799,71.6849259477066,,52.6396704057543,3.43552494049072,1.59091895283448
LSO,Lesotho,2577.54544127769,56.812,48.06959915,41.6703965165322,,-0.332065069453934
LTE,Late-demographic dividend,22841.9944082023,76.954367313865,,66.5775786046606,4.34076190443098,1.3953408938821
LTU,Lithuania,46651.2145810247,75.6439024390244,87.72420219,68.2866452426813,4.25285005569458,3.40588108209325
LUX,Luxembourg,132570.826463419,82.9463414634147,98.24203749,94.7605400940185,3.74451994895935,-391.555119009248
LVA,Latvia,37718.7097958367,74.2780487804878,91.03009059,68.2570218109034,4.3196702003479,3.20337891789771
MAC,"Macao SAR, China",59921.441691873,83.0804878048781,89.48549652,100.0,6.05706977844238,13.3808225043823
MAF,St. Martin (French part),,80.236,,100.0,,
MAR,Morocco,8690.4482421875,75.161,89.9,62.5118468550703,5.91224674061277,1.74814323662076
MCO,Monaco,,85.746,98.75189972,100.0,1.17105996608734,
MDA,Moldova,15358.0153548867,71.546,74.91899872,42.4048843383789,6.10430002212524,4.03446735088075
MDG,Madagascar,1602.71368352337,63.068,17.81170082,31.5397813465886,3.06772823003204,3.05272592480357
MDV,Maldives,21357.8112511153,80.76,83.91189054,41.0641769690663,4.67344315449896,11.8454662775286
MEA,"Middle East, North Africa, Afghanistan & Pakistan",14243.8848577148,71.6917293154863,57.8,55.12536380356,4.38311004638672,2.4531076990245
MEX,Mexico,21391.8573692427,73.973,78.63217894,79.199683215791,4.05987977981567,2.67267286258385
MHL,Marshall Islands,6936.86510911803,66.725,64.26719666,77.9855966195187,7.70088005065918,-3.02876781452366
MIC,Middle income,13929.3023033056,72.5172020330295,,54.2809961716245,3.48709387945457,1.57036682937491
MKD,North Macedonia,22822.3280431288,74.4248780487805,83.85030365,61.9530566607267,,6.13067578989693
MLI,Mali,2813.81095962843,60.035,35.19919968,30.4015705681899,4.04512227529275,3.17422530916772
MLT,Malta,56841.958125813,82.2975609756098,91.54062209,95.6003155132879,4.71258020401001,115.053872398938
MMR,Myanmar,5350.47666899931,66.506,,30.311095757938,,1.98946076043536
MNA,"Middle East, North Africa, Afghanistan & Pakistan (excluding high income)",9771.32115919459,71.0055315443397,54.1,52.1693289932022,,0.86426358939919
MNE,Montenegro,25583.4216629604,76.1878048780488,88.22192026,65.4012965440866,,13.9582230042507
MNG,Mongolia,15310.4349469163,71.9007317073171,81.07720184,69.783805847168,,14.6053065112102
MNP,Northern Mariana Islands,,78.531,,91.8785788645608,,
MOZ,Mozambique,1476.66560298097,63.011,18.96220016,35.0536638047945,5.97607342054314,16.0042947069706
MRT,Mauritania,6053.26178155509,68.281,42.46450043,58.8120996197226,1.38966000080109,14.6644208551054
MUS,Mauritius,25085.9891959451,73.5146341463415,75.5,39.0000125885784,4.84085988998413,4.21993412406582
MWI,Malawi,1659.95933825168,66.037,16.84830093,16.7146031979436,2.74888371105811,1.5988861608404
MYS,Malaysia,32129.2217820113,75.444,97.3986404,75.9741357073003,3.49933781956284,3.68486215546291
NAC,North America,71184.9572983365,77.8170599153732,92.6,80.2778760108654,4.84426021575928,1.68204036234635
NAM,Namibia,9953.09752403491,64.19,62.99720001,49.5291037671807,9.3919470845238,8.40166893779959
NCL,New Caledonia,,77.698,,67.5720305021282,,7.23562598706021
NER,Niger,1717.51891457684,60.398,13.08749962,17.477207007512,3.71231832079626,6.25880834283465
NGA,Nigeria,7752.26206532009,54.079,39.14720154,61.3727650622225,0.348516707890877,-0.0288727652154093
NIC,Nicaragua,7277.82264804562,74.463,59.38000107,58.9954376220703,3.80001496174069,8.23239650343154
NLD,Netherlands,71324.0360349277,81.6146341463415,92.51968504,94.9856177734136,5.17918014526367,1.47701805979237
NOR,Norway,91051.0831968407,82.509756097561,98.99997764,82.9563661816034,5.43234014511108,2.39446435427431
NPL,Nepal,4763.38751073946,70.087,45.45080185,66.2992968721053,4.13645081690396,0.160405404733603
NRU,Nauru,12363.6457029853,61.93,83.22660065,100.0,5.91827971698113,-5.91699334587118
NZL,New Zealand,49964.1765523158,81.9585365853658,93.07289886,83.8547305017812,5.16741991043091,3.93040138256791
OED,OECD members,52344.6903615246,79.5170042308814,,80.9495516047505,5.05915021896362,1.69631188991801
OMN,Oman,39780.2122774985,77.911,95.24530029,80.0117053152301,4.38311004638672,6.25544528201825
OSS,Other small states,24125.978168384,72.9062214171014,,54.4367375147273,5.02409982681275,15.1279694182798
PAK,Pakistan,5526.27928310213,67.417,,38.3740439760816,1.97300945756988,0.389980753542853
PAN,Panama,33915.1526066674,79.324,67.2838974,65.8211343914956,3.37781000137329,3.2250848191713
PER,Peru,15559.821643644,76.834,74.67495213,84.3663554951194,3.83975005149841,4.55221582089149
PHL,Philippines,9457.10395402883,69.472,75.21114422,54.7902343568327,3.57960089528426,2.3475097233369
PLW,Palau,16040.9080564681,68.922,82.56749725,79.1134831712956,3.57620133415525,30.4991067893894
PNG,Papua New Guinea,4125.49303365201,65.274,18.25659943,14.7358658260841,0.643376920751815,3.76981381554657
POL,Poland,43405.0215797441,77.1560975609756,86.94113479,59.8315488048321,4.31372976303101,6.00626096603428
PRE,Pre-demographic dividend,4624.99225982559,61.3833052969468,,44.4479498791233,2.89168744551701,0.858656667279576
PRI,Puerto Rico (US),42310.9585064702,79.427,87.29178106,94.1110923054937,3.86129930773508,
PRK,"Korea, Dem. People's Rep.",,73.641,,63.2274365906829,,
PRT,Portugal,41070.861152974,81.6317073170732,84.49690644,61.1259255772782,4.55160999298096,5.08368921917484
PRY,Paraguay,15259.1456311862,72.319,76.25916611,68.6396537819458,3.39619994163513,2.03844719825164
PSE,West Bank and Gaza,5753.08395899307,76.662,88.64690554,86.5961423216016,,1.62179695015304
PSS,Pacific island small states,6653.2312628164,69.1004348993561,,39.9427900823495,,2.26281533700796
PST,Post-demographic dividend,57682.9366418842,80.1924721633692,,80.93281887999,4.96171021461486,2.11227912896868
PYF,French Polynesia,,83.859,,61.6913806937112,,-0.168607958150952
QAT,Qatar,114740.16518158,81.857,98.03800201,99.243997525719,,0.0322850595933247
ROU,Romania,39256.9888833852,75.1536585365854,85.50309124,52.1634832477272,3.2788200378418,3.88647349252643
RUS,Russian Federation,38214.49609375,72.5456097560976,90.41799163,74.8544893625017,4.05402755323777,-1.73680981421063
RWA,Rwanda,2892.45964942821,67.528,28.01679993,27.7806702737761,4.74213981628418,2.29121488787355
SAS,South Asia,8522.02555266368,72.0115731308447,54.2,34.8137520955194,3.09202235990416,1.35427437156322
SAU,Saudi Arabia,67178.5902274906,77.31,100.0,84.1349430023993,,2.1556449627378
SDN,Sudan,3132.0771484375,65.695,,34.7209852053086,,1.11000421594226
SEN,Senegal,4228.73382642974,67.788,56.82830048,53.4435061024348,5.95222997665405,10.5411241953817
SGP,Singapore,133571.962410322,82.8951219512195,95.95386476,100.0,2.47478008270264,28.3188156351916
SLB,Solomon Islands,2330.10309195408,70.409,28.01729965,29.3511689856806,8.48737829731105,2.77627597762606
SLE,Sierra Leone,2934.73326430435,61.275,21.50880051,44.2666343543487,4.90762996673584,2.03619504430889
SLV,El Salvador,11085.6178074688,71.969,60.05609894,74.1465021298679,3.26848006248474,0.0823187568481088
SMR,San Marino,70887.573899815,85.708,97.32790375,97.1141889380465,2.89753007888794,3.92890134686182
SOM,"Somalia, Fed. Rep.",1387.54753732191,53.931,27.6,53.5010115886789,7.21674775437e-06,6.23346074683917
SRB,Serbia,24651.9500494588,75.2365853658537,83.53825397,61.9013813540396,3.08255004882812,6.90354140371273
SSA,Sub-Saharan Africa (excluding high income),5035.76910820244,61.2833700706225,32.7,45.4749158289618,3.08249624893127,1.51565756163249
SSD,South Sudan,,57.203,,20.7752121046616,,
SSF,Sub-Saharan Africa,4796.06641542138,61.8572731122839,31.1,43.1554770877868,3.0972642678305,1.601585993195
SST,Small states,22449.9535899521,72.380297225352,70.5,51.5222800598785,4.84085988998413,10.146090044415
STP,Sao Tome and Principe,5632.13890715047,69.237,58.56779861,68.3720919798341,5.19392101712613,10.2819916432401
SUR,Suriname,18742.5873760369,73.254,,65.8985443115234,3.43460841988051,-0.245419018781694
SVK,Slovak Republic,38664.9076949851,76.9658536585366,89.06766196,53.1902831072528,4.65688991546631,4.16872005912019
SVN,Slovenia,47050.0676441642,81.2829268292683,88.91248552,55.3377817873563,5.28065013885498,3.64010857871706
SWE,Sweden,63088.4236678734,83.0585365853659,95.00970335,88.4038576504809,7.31909990310669,9.35228228785513
SWZ,Eswatini,9927.60567008139,63.028,57.34370041,25.396682918542,5.57274175738511,0.281255609924273
SXM,Sint Maarten (Dutch part),45515.6523389272,76.18,,100.0,4.27420508508285,1.0725730154733
SYC,Seychelles,27978.1770550937,74.509756097561,84.83380127,44.9108209981157,3.65858904774836,9.40509377025538
SYR,Syrian Arab Republic,4454.85373271464,72.79,,72.6124992370605,,
TCA,Turks and Caicos Islands,28209.6242536079,77.918,,93.6922471653237,2.77640008926392,2.44052271812869
TCD,Chad,2449.48251052484,54.528,11.17029953,25.7635558629694,2.6016118897064,3.44402627536712
TEA,East Asia & Pacific (IDA & IBRD countries),18808.7249692887,75.9610347461336,82.3,60.8301827838521,2.28490151187525,1.29406625416745
TEC,Europe & Central Asia (IDA & IBRD countries),30145.8653395354,74.1883654842503,85.2,68.9112783282391,3.90450382025902,1.05360200270419
TGO,Togo,2739.68813234711,62.292,35.60749817,42.7332327975627,3.77811083266775,-2.00429827129667
THA,Thailand,20762.7952598527,75.291,87.97724503,59.742374420166,2.61187022798634,2.39179841841837
TJK,Tajikistan,4213.75618362687,71.562,48.91429901,26.1957126615618,5.39829770599001,1.62432287476597
TKM,Turkmenistan,17119.5744946142,69.913,,47.0592103414926,3.58004999160767,2.21764501242202
TLA,Latin America & the Caribbean (IDA & IBRD countries),19256.4973758813,74.5684293540859,77.3,80.8195255101746,3.83975005149841,3.47370175296876
TLS,Timor-Leste,5348.49200064987,67.368,,28.5857292288968,,1.67248575304862
TMN,"Middle East, North Africa, Afghanistan & Pakistan (IDA & IBRD)",9800.72244713619,70.965432550888,53.8,51.925275557204,,0.857283524810093
TON,Tonga,6810.60970632543,72.635,61.60739899,21.147219451842,5.31016278046634,0.523176247933185
TSA,South Asia (IDA & IBRD),8522.02555266368,72.0115731308447,54.2,34.8137520955194,3.09202235990416,1.35427437156322
TSS,Sub-Saharan Africa (IDA & IBRD countries),4796.06641542137,61.8572731122839,31.1,43.1554770877868,3.0972642678305,1.601585993195
TTO,Trinidad and Tobago,30784.1112580356,73.331,81.69760132,53.9474037904998,2.81801009178162,4.1369722626234
TUN,Tunisia,12712.22345453,76.05,,69.707138648303,6.8049896073928,1.43159199894021
TUR,Turkiye,33520.8111384208,77.591,83.43716576,89.0381164550781,3.09571003913879,1.48839623728753
TUV,Tuvalu,5498.18455447209,66.852,,63.3065768081154,13.7621912480198,0.337639353401454
TZA,Tanzania,3546.98095703125,66.879,26.86059952,34.8234736377147,3.2382450375764,1.89781100360764
UGA,Uganda,2724.90609568409,67.675,9.636899948,29.9251969709665,2.56105027176925,6.48067616265599
UKR,Ukraine,13787.12109375,72.658,80.47429657,69.42345912103,,0.136428578229067
UMC,Upper middle income,20094.8379948072,76.0089594269564,82.7,68.9205465422319,3.59546935615519,1.58070794354163
URY,Uruguay,30804.7032775797,76.468,89.87304314,95.4977416992188,4.4795298576355,12.4804063396028
USA,United States,72679.2575396348,77.4341463414634,92.72850037,80.0324978239707,,1.62816817042838
UZB,Uzbekistan,9607.56167273449,72.147,83.90000012,50.9847412109375,5.23477171022152,2.94947448385164
VCT,St. Vincent and the Grenadines,16835.023514541,71.191,74.75479889,47.585897833353,7.07575034584772,6.59514716509223
VEN,"Venezuela, RB",,72.566,75.82180023,89.2132204732836,,2.63893280227629
VGB,British Virgin Islands,,77.177,,54.795911692548,2.48401807300907,
VIR,Virgin Islands (U.S.),46479.2996685326,80.319512195122,,95.2171514724412,,
VNM,Viet Nam,12979.7639049934,74.502,78.58999918,37.5478515625,2.88738689372749,4.32947308910883
VUT,Vanuatu,3222.83595459346,71.302,,22.2541249733107,10.7033456499063,1.01371235156553
WLD,World,20409.442097194,72.9675581482237,67.0,57.0703302851395,3.86129930773508,1.86511043214883
WSM,Samoa,6449.36505263744,71.55,,17.5007949951039,6.15978780645853,0.539647016745273
XKX,Kosovo,13022.4627441502,77.623,,47.8001996538455,,8.1685714094263
YEM,"Yemen, Rep.",,67.952,,36.3226310308295,,
ZAF,South Africa,13767.4967589936,65.454,78.29319763,63.4766699210327,6.15599012374878,2.26670277731613
ZMB,Zambia,3585.12379084347,65.279,15.0,44.5988511178469,3.65884092023983,-0.223286755156161
ZWE,Zimbabwe,5036.76136109489,62.36,36.25650024,38.7055207169041,,0.826254039449821
