year,title,authors,n_authors,affiliations,reading_time_min,doi,url
2020,"Annex: Using a New Global Urban-Rural Definition, Called the Degree of Urbanisation, to Assess Happiness",Lewis Dijkstra; Eleni Papadimitriou,2,"Head of the Economic Analysis Sector, Directorate-General for Regional and Urban Policy of the European Commission, Visiting Professor at the London School of Economics and Political Science | Competence Centre on Composite Indicators and Scoreboards, Joint Research Centre of the European Commission",5,,https://www.worldhappiness.report/ed/2020/annex-using-a-new-global-urban-rural-definition-called-the-degree-of-urbanisation-to-assess-happiness/
2020,Cities and Happiness: A Global Ranking and Analysis,Jan-Emmanuel De Neve; Christian Krekel,2,University of Oxford | London School of Economics,21,,https://www.worldhappiness.report/ed/2020/cities-and-happiness-a-global-ranking-and-analysis/
2020,Environments for Happiness: An Overview,John F. Helliwell; Richard Layard; Jeffrey D. Sachs; Jan-Emmanuel De Neve,4,"Vancouver School of Economics, University of British Columbia | Wellbeing Programme, Centre for Economic Performance, London School of Economics and Political Science | Director, SDSN; Director, Center for Sustainable Development, Columbia University | Director, Wellbeing Research Centre, University of Oxford",12,,https://www.worldhappiness.report/ed/2020/environments-for-happiness-an-overview/
2020,How Environmental Quality Affects Our Happiness,Christian Krekel; George MacKerron,2,"Assistant Professor, London School of Economics | Senior Lecturer, University of Sussex; Co-Founder and CTO, Psychological Technologies",33,,https://www.worldhappiness.report/ed/2020/how-environmental-quality-affects-our-happiness/
2020,Social Environments for World Happiness,John F. Helliwell; Haifang Huang; Shun Wang; Max Norton,4,"Vancouver School of Economics, University of British Columbia | Associate Professor, Department of Economics, University of Alberta | Professor, KDI School of Public Policy and Management | Vancouver School of Economics, University of British Columbia",52,10.1007/s10902-019-00209-4,https://www.worldhappiness.report/ed/2020/social-environments-for-world-happiness/
2020,Sustainable Development and Human Well-Being,Jan-Emmanuel De Neve; Jeffrey D. Sachs,2,"Director, Wellbeing Research Centre, University of Oxford | Columbia University, Centre for Sustainable Development",20,10.1038/s41893-019-0404-1,https://www.worldhappiness.report/ed/2020/sustainable-development-and-human-well-being/
2020,The Nordic Exceptionalism: What Explains Why the Nordic Countries Are Constantly Among the Happiest in the World,Frank Martela; Bent Greve; Bo Rothstein; Juho Saari,4,"School of Business / Department of Industrial Engineering and Management, Aalto University, Finland | Department of Social Sciences and Business, Roskilde University, Denmark | Department of Political Science, University of Gothenburg, Sweden | Faculty of Social Sciences, University of Tampere, Finland",29,10.1093/esr/jci022,https://www.worldhappiness.report/ed/2020/the-nordic-exceptionalism-what-explains-why-the-nordic-countries-are-constantly-among-the-happiest-in-the-world/
2020,Urban-Rural Happiness Differentials Across the World,Martijn J. Burger; Philip S. Morrison; Martijn Hendriks; Marloes M. Hoogerbrugge,4,"Erasmus Happiness Economics Research Organisation (EHERO), Department of Applied Economics, and Tinbergen Institute, Erasmus University Rotterdam, The Netherlands | School of Geography, Environment and Earth Sciences, Victoria University of Wellington, New Zealand | Erasmus Happiness Economics Research Organisation (EHERO) and Department of Applied Economics, Erasmus University Rotterdam, The Netherlands | Erasmus Happiness Economics Research Organisation (EHERO), Erasmus University Rotterdam, The Netherlands",42,,https://www.worldhappiness.report/ed/2020/urban-rural-happiness-differentials-across-the-world/
2021,COVID-19 Prevalence and Well-being: Lessons from East Asia,Mingming Ma; Shun Wang; Fengyu Wu,3,Shanghai University of Finance and Economics | KDI School of Public Policy and Management | Wake Forest University,44,10.1038/s41562-020-0931-9,https://www.worldhappiness.report/ed/2021/covid-19-prevalence-and-well-being-lessons-from-east-asia/
2021,"Happiness, trust, and deaths under COVID-19",John F. Helliwell; Haifang Huang; Shun Wang; Max Norton,4,"Vancouver School of Economics, University of British Columbia | Associate Professor, Department of Economics, University of Alberta | Professor, KDI School of Public Policy and Management | Vancouver School of Economics, University of British Columbia",56,10.1080/02786826.2020.1749229,https://www.worldhappiness.report/ed/2021/happiness-trust-and-deaths-under-covid-19/
2021,Living long and living well: The WELLBY approach,Richard Layard; Ekaterina Oparina,2,"Programme Co-Director, Wellbeing Programme, Centre for Economic Performance, London School of Economics and Political Science | Research Economist at the Centre for Economic Performance of the London School of Economics",19,,https://www.worldhappiness.report/ed/2021/living-long-and-living-well-the-wellby-approach/
2021,Mental health and the COVID-19 pandemic,James Banks; Daisy Fancourt; Xiaowei Xu,3,"Professor of Economics, University of Manchester and Senior Research Fellow, Institute for Fiscal Studies | Associate Professor of Psychobiology and Epidemiology, University College London | Senior Research Economist, Institute for Fiscal Studies",27,,https://www.worldhappiness.report/ed/2021/mental-health-and-the-covid-19-pandemic/
2021,Overview: Life under COVID-19,John F. Helliwell; Richard Layard; Jeffrey D. Sachs; Jan-Emmanuel De Neve; Lara B. Aknin; Shun Wang,6,"Vancouver School of Economics, University of British Columbia | Wellbeing Programme, Centre for Economic Performance, London School of Economics and Political Science | Professor and Director of the Center for Sustainable Development at Columbia University | Director, Wellbeing Research Centre, University of Oxford | Associate Professor, Simon Fraser University | Professor, KDI School of Public Policy and Management",8,,https://www.worldhappiness.report/ed/2021/overview-life-under-covid-19/
2021,Reasons for Asia-Pacific Success in suppressing COVID-19,Jeffrey D. Sachs,1,Professor and Director of the Center for Sustainable Development at Columbia University,15,10.1016/j.ancene.2019.100198,https://www.worldhappiness.report/ed/2021/reasons-for-asia-pacific-success-in-suppressing-covid-19/
2021,Social Connection and Well-Being during COVID-19,Karynna Okabe-Miyamoto; Sonja Lyubomirsky,2,"University of California, Riverside | University of California, Riverside",36,10.1016/j.copsyc.2017.08.017,https://www.worldhappiness.report/ed/2021/social-connection-and-well-being-during-covid-19/
2021,"Work and Well-being during COVID-19: Impact, Inequalities, Resilience, and the Future of Work",Maria Cotofan; Jan-Emmanuel De Neve; Marta Golin; Micah Kaats; George Ward,5,London School of Economics and Political Science | University of Oxford | University of Oxford | University of Oxford | MIT Sloan,46,10.1787/1de68a9b-en,https://www.worldhappiness.report/ed/2021/work-and-well-being-during-covid-19-impact-inequalities-resilience-and-the-future-of-work/
2022,Exploring the Biological Basis for Happiness,Meike Bartels; Ragnhild Bang Nes; Jessica M. Armitage; Margot P. van de Weijer; Lianne P. de Vries; Claire M.A. Haworth,6,"Professor in Genetics and Wellbeing, Vrije Universiteit Amsterdam | Professor, Norwegian Institute of Public Health; Professor, Department of Psychology, University of Oslo | Research Associate, Wolfson Centre for Young People's Mental Health, Cardiff University | PhD candidate, Vrije Universiteit Amsterdam | PhD candidate, Vrije Universiteit Amsterdam | Professor of Behavioural Genetics, University of Bristol",32,10.1038/s41380-020-0783-8],https://www.worldhappiness.report/ed/2022/exploring-the-biological-basis-for-happiness/
2022,Foreword,John F. Helliwell; Richard Layard; Jeffrey D. Sachs; Jan-Emmanuel De Neve; Lara B. Aknin; Shun Wang; Sharon Paculor,7,"Vancouver School of Economics, University of British Columbia | Wellbeing Programme, Centre for Economic Performance, London School of Economics and Political Science | Professor and Director of the Center for Sustainable Development at Columbia University | Director, Wellbeing Research Centre, University of Oxford | Distinguished Associate Professor, Department of Psychology, Simon Fraser University | Professor, KDI School of Public Policy and Management | Production Editor and Manager of Special Projects for the Director at the Center for Sustainable Development at Columbia University",3,,https://www.worldhappiness.report/ed/2022/foreword
2022,"Happiness, Benevolence, and Trust During COVID-19 and Beyond",John F. Helliwell; Haifang Huang; Shun Wang; Max Norton,4,"Vancouver School of Economics, University of British Columbia | Professor, Department of Economics, University of Alberta | Professor, KDI School of Public Policy and Management | Vancouver School of Economics, University of British Columbia",59,10.1080/02786826.2020.1749229,https://www.worldhappiness.report/ed/2022/happiness-benevolence-and-trust-during-covid-19-and-beyond/
2022,Insights from the First Global Survey of Balance and Harmony,Tim Lomas; Alden Yuanhong Lai; Koichiro Shiba; Pablo Diego-Rosell; Yukiko Uchida; Tyler J VanderWeele,6,"Psychology Research Scientist, Harvard T. H. Chan School of Public Health & Human Flourishing Program at Harvard University | Assistant Professor of Public Health Policy and Management, New York University | Postdoctoral Research Fellow, Harvard T. H. Chan School of Public Health & Human Flourishing Program at Harvard University | Senior Researcher, The Gallup Organization | Professor, Kyoto University | John L. Loeb and Frances Lehman Loeb Professor of Epidemiology, Harvard T. H. Chan School of Public Health & Director, Human Flourishing Program at Harvard University",47,10.1037/a0031246,https://www.worldhappiness.report/ed/2022/insights-from-the-first-global-survey-of-balance-and-harmony/
2022,Overview on Our Tenth Anniversary,John F. Helliwell; Richard Layard; Jeffrey D. Sachs; Jan-Emmanuel De Neve; Lara B. Aknin; Shun Wang,6,"Vancouver School of Economics, University of British Columbia | Wellbeing Programme, Centre for Economic Performance, London School of Economics and Political Science | University Professor and Director of the Center for Sustainable Development at Columbia University | Director, Wellbeing Research Centre, University of Oxford | Distinguished Associate Professor, Department of Psychology, Simon Fraser University | Professor, KDI School of Public Policy and Management",7,,https://www.worldhappiness.report/ed/2022/overview-on-our-tenth-anniversary/
2022,Trends in Conceptions of Progress and Well-being,Christopher P. Barrington-Leigh,1,"McGill Institute for Health and Social Policy, and Bieler School of Environment, McGill University",30,,https://www.worldhappiness.report/ed/2022/trends-in-conceptions-of-progress-and-well-being/
2022,Using Social Media Data to Capture Emotions Before and During COVID-19,Hannah Metzler; Max Pellert; David Garcia,3,"Complexity Science Hub Vienna, Medical University of Vienna & Graz University of Technology | Sony CSL Paris, Complexity Science Hub Vienna & Graz University of Technology | Complexity Science Hub Vienna, Medical University of Vienna & Graz University of Technology",39,10.1037/tps0000086,https://www.worldhappiness.report/ed/2022/using-social-media-data-to-capture-emotions-before-and-during-covid-19/
2023,"Doing Good and Feeling Good: Relationships Between Altruism and Well-being for Altruists, Beneficiaries, and Observers",Shawn A. Rhoads; Abigail A. Marsh,2,"Postdoctoral Research Fellow, Center for Computational Psychiatry, Icahn School of Medicine at Mount Sinai | Professor, Department of Psychology, Georgetown University",38,10.1037/xge0000082,https://www.worldhappiness.report/ed/2023/doing-good-and-feeling-good-relationships-between-altruism-and-well-being-for-altruists-beneficiaries-and-observers/
2023,Executive Summary,John F. Helliwell; Richard Layard; Jeffrey D. Sachs; Jan-Emmanuel De Neve; Lara B. Aknin; Shun Wang; Sharon Paculor,7,"Vancouver School of Economics, University of British Columbia | Wellbeing Programme, Centre for Economic Performance, London School of Economics and Political Science | University Professor and Director of the Center for Sustainable Development at Columbia University | Director, Wellbeing Research Centre, University of Oxford | Professor, Department of Psychology, Simon Fraser University | Professor, International Business School Suzhou, Xi'an Jiaotong-Liverpool University | Production Editor, Senior Manager at the Center for Sustainable Development at Columbia University",6,,https://www.worldhappiness.report/ed/2023/executive-summary/
2023,The Happiness Agenda: The Next 10 Year,John F. Helliwell; Richard Layard; Jeffrey D. Sachs,3,"Vancouver School of Economics, University of British Columbia | Wellbeing Programme, Centre for Economic Performance, London School of Economics and Political Science | University Professor and Director of the Center for Sustainable Development at Columbia University",21,,https://www.worldhappiness.report/ed/2023/the-happiness-agenda-the-next-10-year/
2023,"Towards Well-Being Measurement with Social Media Across Space, Time and Cultures: Three Generations of Progress",Oscar Kjell; Salvatore Giorgi; H. Andrew Schwartz; Johannes C. Eichstaedt,4,"Docent, Department of Psychology, Lund University | Department of Computer and Information Science, University of Pennsylvania | Associate Professor, Computer Science, Stony Brook University | Assistant Professor, Department of Psychology & Institute for Human-Centered AI, Stanford University",42,10.1038/494155a,https://www.worldhappiness.report/ed/2023/towards-well-being-measurement-with-social-media-across-space-time-and-cultures-three-generations-of-progress/
2023,Well-being and State Effectiveness,Timothy Besley; Joseph Marshall; Torsten Persson,3,"School Professor of Economics and Political Science, London School of Economics and Political Science | Pre-Doctoral Fellow, London School of Economics and Political Science | Swedish Research Council Distinguished Professor, Institute for International Economic Studies, Stockholm University",33,,https://www.worldhappiness.report/ed/2023/well-being-and-state-effectiveness/
2023,"World Happiness, Trust and Social Connections in Times of Crisis",John F. Helliwell; Haifang Huang; Max Norton; Leonard Goff; Shun Wang,5,"Vancouver School of Economics, University of British Columbia | Department of Economics, University of Alberta | Vancouver School of Economics, University of British Columbia | Department of Economics, University of Calgary | International Business School Suzhou, Xi'an Jiaotong-Liverpool University",58,10.31389/lseppr.30,https://www.worldhappiness.report/ed/2023/world-happiness-trust-and-social-connections-in-times-of-crisis/
2024,"Child and Adolescent Well-being: Global Trends, Challenges and Opportunities",Jose Marquez; Laura Taylor; Leoni Boyle; Wanying Zhou; Jan-Emmanuel De Neve,5,"Manchester Institute of Education, University of Manchester, UK and Wellbeing Research Centre, University of Oxford, UK | Wellbeing Research Centre, University of Oxford, UK | Wellbeing Research Centre, University of Oxford, UK | Wellbeing Research Centre, University of Oxford, UK | Wellbeing Research Centre, University of Oxford, UK",56,10.18724/whr-91b0-ek06,https://www.worldhappiness.report/ed/2024/child-and-adolescent-well-being-global-trends-challenges-and-opportunities/
2024,Differences in Life Satisfaction among Older Adults in India,"Ronak Paul; Manacy Pai, Ph.D.; Muhammad Thalil, Ph.D.; Shobhit Srivastava, Ph.D.",4,"Senior Research Fellow, Department of Public Health and Mortality Studies, International Institute for Population Sciences | Associate Professor, Department of Sociology and Criminology | Postdoctoral Scholar, Center for Healthy Aging, The Pennsylvania State University | Independent Researcher",34,10.18724/whr-2f21-he52,https://www.worldhappiness.report/ed/2024/differences-in-life-satisfaction-among-older-adults-in-india/
2024,Happiness and Age: Summary,John F. Helliwell; Richard Layard; Jeffrey D. Sachs; Jan-Emmanuel De Neve; Lara B. Aknin; Shun Wang,6,"Vancouver School of Economics, University of British Columbia | Wellbeing Programme, Centre for Economic Performance, London School of Economics and Political Science | Center for Sustainable Development at Columbia University | Wellbeing Research Centre, University of Oxford, UK | Department of Psychology, Simon Fraser University | International Business School Suzhou, Xi'an Jiaotong-Liverpool University",6,10.18724/whr-kk3m-b586,https://www.worldhappiness.report/ed/2024/happiness-and-age-summary/
2024,"Happiness of the younger, the older, and those in between",John F. Helliwell; Haifang Huang; Hugh Shiplett; Shun Wang,4,"Vancouver School of Economics, University of British Columbia | Department of Economics, University of Alberta | Faculty of Business, University of New Brunswick | International Business School Suzhou, Xi'an Jiaotong-Liverpool University",67,10.18724/whr-f1p2-qj33,https://www.worldhappiness.report/ed/2024/happiness-of-the-younger-the-older-and-those-in-between/
2024,Supporting the Well-being of an Aging Global Population: Associations between Well-being and Dementia,Karysa Britton; Kyrsten C. Hill; Emily C. Willroth,3,"PhD Student, Washington University in St. Louis | Postdoctoral Researcher, Washington University in St. Louis | Assistant Professor, Washington University in St. Louis",38,10.18724/whr-21fb-sb82,https://www.worldhappiness.report/ed/2024/supporting-the-well-being-of-an-aging-global-population-associations-between-well-being-and-dementia/
2025,Caring and sharing: Global analysis of happiness and kindness,John F. Helliwell; Lara B. Aknin; Haifang Huang; Max Norton; Shun Wang; Felix Cheung; Yeeun Archer Lee; Sara Konrath,8,"Vancouver School of Economics, University of British Columbia | Department of Psychology, Simon Fraser University | Department of Economics, University of Alberta | Vancouver School of Economics, University of British Columbia | International Business School Suzhou, Xi'an Jiaotong-Liverpool University | Department of Psychology, University of Toronto | Department of Psychology, Trinity Western University | Lilly Family School of Philanthropy, Indiana University; Institute for Social Research, University of Michigan",66,10.18724/whr-31zp-ga37,https://www.worldhappiness.report/ed/2025/caring-and-sharing-global-analysis-of-happiness-and-kindness/
2025,Connecting with others: How social connections improve the happiness of young adults,Rui Pei*; Jamil Zaki*,2,"Department of Psychology, Stanford University | Department of Psychology, Stanford University",39,10.18724/whr-zc5n-4f96,https://www.worldhappiness.report/ed/2025/connecting-with-others-how-social-connections-improve-the-happiness-of-young-adults/
2025,Executive summary,John F. Helliwell; Richard Layard; Jeffrey D. Sachs; Jan-Emmanuel De Neve; Lara B. Aknin; Shun Wang,6,"Vancouver School of Economics, University of British Columbia | Centre for Economic Performance, London School of Economics and Political Science | Center for Sustainable Development, Columbia University | Wellbeing Research Centre, University of Oxford | Department of Psychology, Simon Fraser University | International Business School Suzhou, Xi'an Jiaotong-Liverpool University",8,10.18724/whr-nkm9-5m31,https://www.worldhappiness.report/ed/2025/executive-summary/
2025,Giving to others: How to convert your money into greater happiness for others,Michael Plant; Joel McGuire; Samuel Dupret; Ryan Dwyer; Ben Stewart,5,Happier Lives Institute; University of Oxford | Happier Lives Institute | Happier Lives Institute | Happier Lives Institute | Happier Lives Institute,46,10.18724/whr-e0cy-0r69,https://www.worldhappiness.report/ed/2025/giving-to-others-how-to-convert-your-money-into-greater-happiness-for-others/
2025,Living with others: How household size and family bonds relate to happiness,Mariano Rojas; Lina Martínez; Gerardo Leyva Parra; Roberto Castellanos; Margarita Tarragona,5,"Tecnológico Nacional de México | Universidad ICESI, Observatory of Public Policies (POLIS), Cali - Colombia | Research Institute for Development with Equity (EQUIDE), Universidad Iberoamericana | Faculty of Political and Social Sciences, National Autonomous University of Mexico | ITAM Center for Wellbeing Studies, Instituto Tecnológico Autónomo de México",30,10.18724/whr-5xep-q992,https://www.worldhappiness.report/ed/2025/living-with-others-how-household-size-and-family-bonds-relate-to-happiness/
2025,Sharing meals with others: How sharing meals supports happiness and social connections,Jan-Emmanuel De Neve; Andrew Dugan; Micah Kaats; Alberto Prati,4,University of Oxford | Gallup | Harvard Kennedy School | University College London,41,10.18724/whr-g119-bv60,https://www.worldhappiness.report/ed/2025/sharing-meals-with-others-how-sharing-meals-supports-happiness-and-social-connections/
2025,Supporting others: How prosocial behaviour reduces deaths of despair,Kelsey J. O’Connor; Chiara Peroni; Francesco Sarracino; Giulia Slater; Fengyu Wu,5,STATEC Research | STATEC Research | STATEC Research | STATEC Research | STATEC Research,43,10.18724/whr-t5h9-dj68,https://www.worldhappiness.report/ed/2025/supporting-others-how-prosocial-behaviour-reduces-deaths-of-despair/
2025,Trusting others: How unhappiness and social distrust explain populism,Yann Algan; Corin Blanc; Claudia Senik,3,"HEC, Cepremap | Cepremap, EconomiX, Université Paris-Nanterre | Sorbonne University, PSE, Cepremap",24,10.18724/whr-hhje-y762,https://www.worldhappiness.report/ed/2025/trusting-others-how-unhappiness-and-social-distrust-explain-populism/
2026,Adolescent life satisfaction and social media use: gender differences in an international dataset,Jean M. Twenge; Alexis Diomino; Alana Rio,3,"Department of Psychology, San Diego State University | Department of Psychology, San Diego State University | Department of Psychology, San Diego State University",15,10.18724/whr-31zj-es56,https://www.worldhappiness.report/ed/2026/adolescent-life-satisfaction-and-social-media-use-gender-differences-in-an-international-dataset/
2026,Executive summary: happiness and social media,John F. Helliwell; Richard Layard; Jeffrey D. Sachs; Jan-Emmanuel De Neve; Lara B. Aknin; Shun Wang,6,"Vancouver School of Economics, University of British Columbia | Centre for Economic Performance, London School of Economics and Political Science | Center for Sustainable Development, Columbia University | Wellbeing Research Centre, University of Oxford | Department of Psychology, Simon Fraser University | International Business School Suzhou, Xi'an Jiaotong-Liverpool University",12,10.18724/whr-ewft-vq17,https://www.worldhappiness.report/ed/2026/executive-summary-happiness-and-social-media/
2026,International evidence on happiness and social media,John F. Helliwell; Lara B. Aknin; Haifang Huang; Mariano Rojas; Shun Wang; Vicente Guerra; Adam Danyluk,7,"Vancouver School of Economics, University of British Columbia | Department of Psychology, Simon Fraser University | Department of Economics, University of Alberta | Tecnológico Nacional de México | International Business School Suzhou, Xi'an Jiaotong-Liverpool University | Vancouver School of Economics, University of British Columbia | Department of Psychology, Simon Fraser University",61,10.18724/whr-db0f-2b39,https://www.worldhappiness.report/ed/2026/international-evidence-on-happiness-and-social-media/
2026,"Internet use, social media, and wellbeing: the role of trust, social connections, and emotional bonds",Zeynep Ozkok; Jonathan Rosborough; Brandon Malloy,3,"Department of Economics, St. Francis Xavier University | Department of Economics, St. Francis Xavier University | Department of Economics, St. Francis Xavier University",50,10.18724/whr-f6wk-qj35,https://www.worldhappiness.report/ed/2026/internet-use-social-media-and-wellbeing-the-role-of-trust-social-connections-and-emotional-bonds/
2026,Problematic social media use and adolescent wellbeing: the role of family socioeconomic status across 43 countries,Pablo Gracia; Roger Fernandez-Urbano; Maria Rubio-Cabañez; Seyma Celik; Beyda Cineli,5,"Department of Sociology, Universitat Autònoma de Barcelona, Centre d’Estudis Demogràfics, CED-CERCA | Department of Sociology, Universitat de Barcelona | Department of Sociology, Universitat Autònoma de Barcelona, Centre d’Estudis Demogràfics, CED-CERCA | INVEST Research Flagship Centre, University of Turku, Department of Sociology, Trinity College Dublin | Department of Sociology, Universitat Autònoma de Barcelona, Centre d’Estudis Demogràfics, CED-CERCA",21,10.18724/whr-z6ws-dp10,https://www.worldhappiness.report/ed/2026/problematic-social-media-use-and-adolescent-wellbeing-the-role-of-family-socioeconomic-status-across-43-countries/
2026,Social media is harming adolescents at a scale large enough to cause changes at the population level,Jonathan Haidt; Zachary Rausch,2,"Stern School of Business, New York University | Stern School of Business, New York University",61,10.18724/WHR-G490-BG86,https://www.worldhappiness.report/ed/2026/social-media-is-harming-adolescents-at-a-scale-large-enough-to-cause-changes-at-the-population-level/
2026,Social media use and wellbeing in the Middle East and North Africa,Martijn Burger; Talita Greyling; Stephanie Rossouw; Francesco Sarracino; Fengyu Wu,5,"Erasmus Happiness Economics Research Organisation, Erasmus University Rotterdam Faculty of Management, Open University of the Netherlands C.WAIS and School of Economics, University of Johannesburg | C.WAIS and School of Economics, University of Johannesburg | School of Social Sciences & Humanities, Auckland University of Technology | STATEC Research | STATEC Research",33,10.18724/whr-tv9w-9h41,https://www.worldhappiness.report/ed/2026/social-media-use-and-wellbeing-in-the-middle-east-and-north-africa/
2026,"Social media, wasting time, and product traps",Cass R. Sunstein,1,"Harvard Law School, Harvard University",19,10.18724/whr-4fk1-g247,https://www.worldhappiness.report/ed/2026/social-media-wasting-time-and-product-traps/
2026,Translating scientific evidence into effective policies for health and technology requires care,Sophie Lloyd-Hurwitz; Andrew Przybylski,2,"Oxford Internet Institute, University of Oxford | Oxford Internet Institute, University of Oxford",47,10.18724/whr-zm8z-mg59,https://www.worldhappiness.report/ed/2026/translating-scientific-evidence-into-effective-policies-for-health-and-technology-requires-care/
