Country name,Ladder score,Logged GDP per capita,Social support,Healthy life expectancy,Freedom to make life choices,Generosity,Perceptions of corruption,year
Finland,7.808700084686279,10.639266967773438,0.9543297290802002,71.90082550048828,0.9491721987724304,-0.059482019394636154,0.19544458389282227,2020
Denmark,7.645599842071533,10.774001121520996,0.9559907913208008,72.40250396728516,0.9514442682266235,0.06620177626609802,0.1684894561767578,2020
Switzerland,7.559899806976318,10.97993278503418,0.9428465962409973,74.10244750976562,0.9213366508483887,0.10591103881597519,0.3037284314632416,2020
Iceland,7.504499912261963,10.77255916595459,0.9746695756912231,73.0,0.9488918781280518,0.24694421887397766,0.71170973777771,2020
Norway,7.48799991607666,11.087803840637207,0.9524865746498108,73.2007827758789,0.9557502865791321,0.134532630443573,0.2632181942462921,2020
Netherlands,7.44890022277832,10.812711715698242,0.9391388297080994,72.30091857910156,0.9085478186607361,0.20761243999004364,0.36471712589263916,2020
Sweden,7.353499889373779,10.758793830871582,0.926311194896698,72.60076904296875,0.9391441941261292,0.11161462217569351,0.2508801817893982,2020
New Zealand,7.299600124359131,10.500943183898926,0.949118971824646,73.20262908935547,0.9362174868583679,0.1915980726480484,0.2211388498544693,2020
Austria,7.2941999435424805,10.742823600769043,0.9280458688735962,73.00250244140625,0.8999894857406616,0.08542922139167786,0.49995487928390503,2020
Luxembourg,7.237500190734863,11.45068073272705,0.9069122076034546,72.5999984741211,0.9056364297866821,-0.004620587918907404,0.3670842945575714,2020
Canada,7.232100009918213,10.692368507385254,0.9271766543388367,73.60160064697266,0.9339132308959961,0.12477076798677444,0.39084336161613464,2020
Australia,7.222799777984619,10.720596313476562,0.9448546171188354,73.60453796386719,0.9154317378997803,0.19046016037464142,0.4151691198348999,2020
United Kingdom,7.1645002365112305,10.60013484954834,0.9366828203201294,72.30160522460938,0.8347436785697937,0.2637324929237366,0.43591591715812683,2020
Israel,7.128600120544434,10.417525291442871,0.9135712385177612,73.20025634765625,0.7475805878639221,0.10259371995925903,0.7808550596237183,2020
Costa Rica,7.121399879455566,9.658156394958496,0.9015459418296814,71.29985046386719,0.9347389340400696,-0.10242971032857895,0.7863324284553528,2020
Ireland,7.093699932098389,11.160978317260742,0.9420815706253052,72.30078887939453,0.8869829773902893,0.14578497409820557,0.35718417167663574,2020
Germany,7.075799942016602,10.732818603515625,0.8988744616508484,72.20201873779297,0.8673710823059082,0.08017938584089279,0.45642203092575073,2020
United States,6.939599990844727,10.925768852233887,0.9142190217971802,68.29949951171875,0.8426195383071899,0.14989173412322998,0.6997153162956238,2020
Czech Republic,6.910900115966797,10.404163360595703,0.9144306778907776,70.04793548583984,0.8185373544692993,-0.23086151480674744,0.8584462404251099,2020
Belgium,6.863500118255615,10.673639297485352,0.9116325378417969,72.00164794921875,0.8135820627212524,-0.07869119942188263,0.6122979521751404,2020
United Arab Emirates,6.790800094604492,11.10999870300293,0.8491811156272888,67.0827865600586,0.9413455128669739,0.12345084547996521,0.5945022106170654,2020
Malta,6.772799968719482,10.533838272094727,0.9303795099258423,72.19999694824219,0.9249114394187927,0.2149658054113388,0.6585472822189331,2020
France,6.66379976272583,10.584222793579102,0.9371037483215332,73.80193328857422,0.8254676461219788,-0.13064196705818176,0.5835211277008057,2020
Mexico,6.465000152587891,9.797797203063965,0.8386654257774353,68.29902648925781,0.8587092757225037,-0.17526662349700928,0.8068215847015381,2020
Taiwan Province of China,6.455399990081787,10.77568531036377,0.8943091034889221,69.5999984741211,0.7715303301811218,-0.07319869846105576,0.7318829298019409,2020
Uruguay,6.440100193023682,9.948192596435547,0.9228112697601318,69.00254821777344,0.8923954367637634,-0.10110311210155487,0.6359941363334656,2020
Saudi Arabia,6.406499862670898,10.797812461853027,0.8740670680999756,66.30514526367188,0.854191243648529,-0.16869506239891052,0.6826195120811462,2020
Spain,6.400899887084961,10.462926864624023,0.9211254119873047,74.4027099609375,0.7519895434379578,-0.05096171423792839,0.7658599019050598,2020
Guatemala,6.398900032043457,8.924805641174316,0.8166214823722839,64.80894470214844,0.9081475734710693,-0.04293866455554962,0.7832374572753906,2020
Italy,6.387400150299072,10.481836318969727,0.8898785710334778,73.6016845703125,0.6646519899368286,-0.04346099868416786,0.8734046816825867,2020
Singapore,6.377099990844727,11.39552116394043,0.9102689623832703,76.80458068847656,0.9266453385353088,0.029879223555326462,0.10978419333696365,2020
Brazil,6.3755998611450195,9.566434860229492,0.8967238068580627,66.48016357421875,0.7998048067092896,-0.10181239247322083,0.7706012725830078,2020
Slovenia,6.363399982452393,10.392322540283203,0.9395756721496582,71.10298919677734,0.93614262342453,-0.08060338348150253,0.8170710206031799,2020
El Salvador,6.348299980163574,8.909075736999512,0.8060922622680664,66.10826110839844,0.83380526304245,-0.12107297778129578,0.7543199062347412,2020
Kosovo,6.325200080871582,9.204429626464844,0.8207265138626099,63.885555267333984,0.861535906791687,0.19093376398086548,0.9223282933235168,2020
Panama,6.304800033569336,10.034234046936035,0.9020944833755493,69.60301208496094,0.8803665041923523,-0.15392771363258362,0.8515889048576355,2020
Slovakia,6.280600070953369,10.347749710083008,0.9224937558174133,68.90634155273438,0.7499526739120483,-0.12440930306911469,0.918096125125885,2020
Uzbekistan,6.257599830627441,8.740371704101562,0.9265958070755005,65.10757446289062,0.9749981164932251,0.248427152633667,0.5014973878860474,2020
Chile,6.228499889373779,10.032054901123047,0.8797135949134827,69.90061950683594,0.7448962926864624,-0.06566836684942245,0.8382394313812256,2020
Bahrain,6.22730016708374,10.676380157470703,0.8763421177864075,68.5,0.9058557748794556,0.13372918963432312,0.7393471002578735,2020
Lithuania,6.2154998779296875,10.343626022338867,0.9261071085929871,67.29407501220703,0.7473814487457275,-0.21972529590129852,0.809583842754364,2020
Trinidad and Tobago,6.19189977645874,10.260002136230469,0.9152941703796387,63.5,0.8579071164131165,0.0005268406821414828,0.9122306108474731,2020
Poland,6.186299800872803,10.265124320983887,0.8742574453353882,69.3111343383789,0.862055778503418,-0.20508407056331635,0.6869270205497742,2020
Colombia,6.163400173187256,9.50036907196045,0.8844402432441711,67.6995849609375,0.8361799120903015,-0.16123564541339874,0.8645718097686768,2020
Cyprus,6.158999919891357,10.405702590942383,0.8059962391853333,73.70222473144531,0.7798582911491394,0.04373149573802948,0.8562717437744141,2020
Nicaragua,6.1371002197265625,8.493160247802734,0.8574970364570618,67.5071792602539,0.8639028668403625,0.020959140732884407,0.6659501194953918,2020
Romania,6.123700141906738,10.107583999633789,0.8251615166664124,67.20723724365234,0.8428232073783875,-0.1978152096271515,0.9343002438545227,2020
Kuwait,6.102099895477295,11.089824676513672,0.8464752435684204,66.76764678955078,0.8723664879798889,-0.10018470138311386,0.7608490586280823,2020
Mauritius,6.10129976272583,9.956786155700684,0.9103578329086304,66.40434265136719,0.8895345330238342,-0.018318573012948036,0.8053430914878845,2020
Kazakhstan,6.0578999519348145,10.11465835571289,0.9347448945045471,64.6099624633789,0.8116019368171692,-0.06848863512277603,0.7644908428192139,2020
Estonia,6.0218000411987305,10.340017318725586,0.9347299933433533,68.6049575805664,0.877709150314331,-0.11169777065515518,0.6230738162994385,2020
Philippines,6.00600004196167,8.993545532226562,0.8467300534248352,61.926761627197266,0.9154634475708008,-0.10546300560235977,0.7336341142654419,2020
Hungary,6.000400066375732,10.24924373626709,0.9219341278076172,67.60997009277344,0.7189645767211914,-0.19432301819324493,0.8929165005683899,2020
Thailand,5.998799800872803,9.741791725158691,0.8899732232093811,67.25059509277344,0.9050630331039429,0.2686851918697357,0.8862723112106323,2020
Argentina,5.974699974060059,9.810955047607422,0.9005679488182068,68.80380249023438,0.8311324119567871,-0.1949138641357422,0.8420098423957825,2020
Honduras,5.953199863433838,8.424534797668457,0.8218701481819153,67.19876861572266,0.8706032633781433,0.08696911484003067,0.8011319041252136,2020
Latvia,5.949999809265137,10.17531967163086,0.9182885885238647,66.80746459960938,0.6712376475334167,-0.18688884377479553,0.7955800890922546,2020
Ecuador,5.92519998550415,9.246058464050293,0.8364189863204956,68.50003814697266,0.8598289489746094,-0.12701496481895447,0.8012151122093201,2020
Portugal,5.910900115966797,10.263742446899414,0.8865907192230225,72.40202331542969,0.8887478113174438,-0.22071430087089539,0.8926295042037964,2020
Jamaica,5.889800071716309,9.006250381469727,0.9157018661499023,67.0999984741211,0.8580685257911682,-0.12510676681995392,0.8888900279998779,2020
South Korea,5.872399806976318,10.510566711425781,0.7993871569633484,73.60272979736328,0.6129651069641113,-0.04340403154492378,0.7890674471855164,2020
Japan,5.870800018310547,10.579689025878906,0.8835459351539612,75.00096893310547,0.8099613785743713,-0.24691034853458405,0.6545580625534058,2020
Peru,5.796800136566162,9.456313133239746,0.8310752511024475,68.10023498535156,0.8247660994529724,-0.16238822042942047,0.893714964389801,2020
Serbia,5.778200149536133,9.680980682373047,0.8814757466316223,68.210205078125,0.7264958620071411,-0.0736762210726738,0.8435090184211731,2020
Bolivia,5.747499942779541,8.851115226745605,0.8031086921691895,63.60047149658203,0.875873327255249,-0.09168113023042679,0.8226062059402466,2020
Pakistan,5.693299770355225,8.48272705078125,0.6890622973442078,58.253135681152344,0.7348337173461914,0.044899869710206985,0.7457054257392883,2020
Paraguay,5.6921000480651855,9.389982223510742,0.8987278938293457,65.63993835449219,0.885923445224762,0.007997713051736355,0.8347885012626648,2020
Dominican Republic,5.689199924468994,9.664880752563477,0.882085382938385,65.80748748779297,0.8662027716636658,-0.13126328587532043,0.7559999227523804,2020
Bosnia and Herzegovina,5.674099922180176,9.455817222595215,0.8292041420936584,67.80813598632812,0.6513527035713196,0.09827455878257751,0.9337691068649292,2020
Moldova,5.607500076293945,8.776714324951172,0.8433135747909546,65.01301574707031,0.7216091752052307,-0.0377410389482975,0.9133142828941345,2020
Tajikistan,5.555699825286865,8.024810791015625,0.8352971076965332,64.1045913696289,0.8313834071159363,-0.025088511407375336,0.5920760631561279,2020
Montenegro,5.54610013961792,9.751860618591309,0.8553146123886108,68.5053482055664,0.6495656371116638,-0.07560035586357117,0.7831215858459473,2020
Russia,5.546000003814697,10.12887191772461,0.903150737285614,64.10045623779297,0.7298926115036011,-0.15115374326705933,0.8648025989532471,2020
Kyrgyzstan,5.541500091552734,8.148405075073242,0.8872284889221191,64.10601043701172,0.9093748927116394,0.1547720581293106,0.8883960843086243,2020
Belarus,5.539899826049805,9.779945373535156,0.9067474603652954,66.10433197021484,0.639163076877594,-0.16492654383182526,0.635711669921875,2020
North Cyprus,5.5355000495910645,10.405702590942383,0.8203566074371338,73.70222473144531,0.7952935099601746,0.00022715852537658066,0.6261156797409058,2020
Greece,5.514999866485596,10.132326126098633,0.8143803477287292,72.40525817871094,0.5413451194763184,-0.3009073734283447,0.8599314093589783,2020
Hong Kong S.A.R. of China,5.51039981842041,10.934671401977539,0.8459690809249878,76.7717056274414,0.7798337936401367,0.13497990369796753,0.42060720920562744,2020
Croatia,5.504700183868408,10.07087516784668,0.874623715877533,70.21490478515625,0.7148388028144836,-0.1285383254289627,0.9164952635765076,2020
Libya,5.488800048828125,9.789815902709961,0.8259429335594177,62.29999923706055,0.773157000541687,-0.08505448698997498,0.6687791347503662,2020
Mongolia,5.456200122833252,9.412186622619629,0.9371424913406372,62.30448532104492,0.6933513283729553,0.09809386730194092,0.8635112047195435,2020
Malaysia,5.384300231933594,10.262518882751465,0.8165094256401062,67.10215759277344,0.8946268558502197,0.11472679674625397,0.8393023014068604,2020
Vietnam,5.353499889373779,8.809545516967773,0.8499871492385864,67.9527359008789,0.9395929574966431,-0.09453333169221878,0.796421229839325,2020
Indonesia,5.285600185394287,9.369751930236816,0.8083798885345459,62.15584945678711,0.8706144094467163,0.5195865035057068,0.8762964010238647,2020
Ivory Coast,5.23330020904541,8.225561141967773,0.658048689365387,49.5037727355957,0.7279093265533447,-0.04399115592241287,0.7907719612121582,2020
Benin,5.216000080108643,7.674319744110107,0.46867114305496216,54.31246566772461,0.7351825833320618,-0.0035372127313166857,0.7405325770378113,2020
Maldives,5.1975998878479,9.518632888793945,0.9131609201431274,70.5999984741211,0.853962779045105,0.03808549791574478,0.824211061000824,2020
Congo (Brazzaville),5.194399833679199,8.5369873046875,0.6402280926704407,57.92448043823242,0.7190585136413574,-0.12367409467697144,0.7517790794372559,2020
Azerbaijan,5.16480016708374,9.687726974487305,0.8193082809448242,65.5083999633789,0.786824107170105,-0.24025528132915497,0.5525375604629517,2020
Macedonia,5.159800052642822,9.510591506958008,0.8203923106193542,67.50442504882812,0.7388409376144409,-0.019877450540661812,0.8974905014038086,2020
Ghana,5.1479997634887695,8.350645065307617,0.7286010980606079,57.20398712158203,0.7947965264320374,0.09417085349559784,0.8479647636413574,2020
Nepal,5.137199878692627,7.925357341766357,0.7855124473571777,63.779178619384766,0.7975650429725647,0.15416882932186127,0.7380991578102112,2020
Turkey,5.131800174713135,10.129419326782227,0.8263135552406311,66.90281677246094,0.608830451965332,-0.1710464358329773,0.7481973767280579,2020
China,5.123899936676025,9.688568115234375,0.7987605929374695,69.28919219970703,0.898517906665802,-0.18142575025558472,0.7539710998535156,2020
Turkmenistan,5.119100093841553,9.748032569885254,0.9589661955833435,62.211708068847656,0.8264570236206055,0.18767154216766357,0.8836918473243713,2020
Bulgaria,5.101500034332275,9.869318962097168,0.9378403425216675,66.8039779663086,0.7451781630516052,-0.14390844106674194,0.9355851411819458,2020
Morocco,5.094799995422363,8.940313339233398,0.5926284790039062,65.896240234375,0.772072434425354,-0.2403772473335266,0.8157246112823486,2020
Cameroon,5.08489990234375,8.118647575378418,0.7003864049911499,52.70494079589844,0.7630518078804016,-0.001496450393460691,0.8513365983963013,2020
Venezuela,5.053199768066406,8.97779369354248,0.8904081583023071,66.50534057617188,0.6232783198356628,-0.16909050941467285,0.8370383977890015,2020
Algeria,5.005099773406982,9.537964820861816,0.8033851385116577,65.9051742553711,0.4666109085083008,-0.12110516428947449,0.7354851365089417,2020
Senegal,4.980800151824951,8.118982315063477,0.7236160039901733,59.599151611328125,0.6905961632728577,-0.05233515426516533,0.8087851405143738,2020
Guinea,4.9492998123168945,7.750990390777588,0.6375734806060791,54.46780014038086,0.7068467736244202,0.07632847130298615,0.7617944478988647,2020
Niger,4.909599781036377,6.842166900634766,0.6174350380897522,53.50009536743164,0.7597721219062805,0.013860817067325115,0.7225301861763,2020
Laos,4.888599872589111,8.798580169677734,0.7375022172927856,58.709922790527344,0.907213568687439,0.1113714799284935,0.6346793174743652,2020
Albania,4.882699966430664,9.417930603027344,0.6710704565048218,68.70813751220703,0.7819942235946655,-0.042309489101171494,0.8963037133216858,2020
Cambodia,4.848400115966797,8.249890327453613,0.7730806469917297,61.52996826171875,0.9597046375274658,0.05191117897629738,0.822769045829773,2020
Bangladesh,4.832799911499023,8.287063598632812,0.6872929930686951,64.50306701660156,0.9006249904632568,-0.033664725720882416,0.6618435382843018,2020
Gabon,4.8292999267578125,9.680537223815918,0.7878868579864502,59.71533966064453,0.704829216003418,-0.22226162254810333,0.8491509556770325,2020
South Africa,4.8140997886657715,9.40337085723877,0.8525322675704956,56.506011962890625,0.7593300938606262,-0.10977732390165329,0.8434238433837891,2020
Iraq,4.784800052642822,9.66109561920166,0.7476949691772461,59.90354919433594,0.6331826448440552,-0.06956475973129272,0.8222618103027344,2020
Lebanon,4.771500110626221,9.361723899841309,0.8243381381034851,67.10658264160156,0.5513575077056885,-0.061215270310640335,0.9022562503814697,2020
Burkina Faso,4.768700122833252,7.468544960021973,0.7129436135292053,53.88945388793945,0.6655635833740234,-0.019080515950918198,0.7397950291633606,2020
Gambia,4.7505998611450195,7.32181453704834,0.6931686997413635,55.01201629638672,0.7331631779670715,0.3431987166404724,0.6907178163528442,2020
Mali,4.729300022125244,7.629852294921875,0.7314689755439758,51.72698211669922,0.711566150188446,-0.044366925954818726,0.839328408241272,2020
Nigeria,4.724100112915039,8.576624870300293,0.7372168898582458,49.861907958984375,0.7595784068107605,0.03374580666422844,0.8618743419647217,2020
Armenia,4.676799774169922,9.100476264953613,0.7574794292449951,66.75065612792969,0.712017834186554,-0.13877961039543152,0.7735447883605957,2020
Georgia,4.672599792480469,9.22610092163086,0.6290330290794373,64.49520874023438,0.8016415238380432,-0.2289203703403473,0.6659446954727173,2020
Iran,4.672399997711182,9.813719749450684,0.6946896910667419,66.00614929199219,0.6478732824325562,0.1178911030292511,0.714635968208313,2020
Jordan,4.633399963378906,9.025999069213867,0.8021637201309204,66.79975128173828,0.7510477900505066,-0.1625652015209198,0.7003443241119385,2020
Mozambique,4.623600006103516,7.069345951080322,0.723874032497406,54.2058219909668,0.8644518852233887,0.032375868409872055,0.6830191016197205,2020
Kenya,4.583000183105469,8.029775619506836,0.7026520371437073,60.09693145751953,0.8297475576400757,0.29468151926994324,0.8314991593360901,2020
Namibia,4.571100234985352,9.203141212463379,0.8468809723854065,56.501487731933594,0.7675209641456604,-0.18530645966529846,0.8514497876167297,2020
Ukraine,4.560699939727783,9.010690689086914,0.8788793683052063,64.60678100585938,0.6630818843841553,-0.03093370608985424,0.9206367135047913,2020
Liberia,4.5578999519348145,7.054380416870117,0.7092805504798889,56.0963134765625,0.7352687120437622,0.04227321967482567,0.8563759326934814,2020
Palestinian Territories,4.552800178527832,8.389223098754883,0.8252959251403809,62.25,0.6457918286323547,-0.1620790958404541,0.8241999745368958,2020
Uganda,4.432000160217285,7.500389575958252,0.7649946212768555,55.70820236206055,0.7317139506340027,0.09948743134737015,0.8367378115653992,2020
Chad,4.422699928283691,7.467963695526123,0.6323880553245544,48.22053909301758,0.5873052477836609,0.017834719270467758,0.8027608394622803,2020
Tunisia,4.392199993133545,9.314972877502441,0.6887185573577881,66.89785766601562,0.5933615565299988,-0.21641381084918976,0.8675902485847473,2020
Mauritania,4.374599933624268,8.233919143676758,0.7908192276954651,57.01017761230469,0.5515225529670715,-0.1060081422328949,0.746223509311676,2020
Sri Lanka,4.327000141143799,9.389969825744629,0.8253740668296814,67.20006561279297,0.8376336693763733,0.08112961798906326,0.8590017557144165,2020
Congo (Kinshasa),4.310999870300293,6.69425630569458,0.6721590161323547,52.900001525878906,0.7007935643196106,0.08363765478134155,0.8094035983085632,2020
Swaziland,4.30810022354126,9.162673950195312,0.770290195941925,51.188236236572266,0.6468222737312317,-0.19920141994953156,0.7082633376121521,2020
Myanmar,4.308000087738037,8.680481910705566,0.7844070196151733,58.96171188354492,0.8950752019882202,0.5606639981269836,0.6451243162155151,2020
Comoros,4.288599967956543,7.833630084991455,0.6256624460220337,57.3490104675293,0.5476126074790955,0.09000840783119202,0.7806226015090942,2020
Togo,4.18720006942749,7.357711315155029,0.5513126254081726,54.71989822387695,0.6498286128044128,0.002667874563485384,0.7577334642410278,2020
Ethiopia,4.186200141906738,7.509385585784912,0.74330735206604,58.639591217041016,0.7407951951026917,0.043377332389354706,0.7536900043487549,2020
Madagascar,4.165599822998047,7.281685829162598,0.668195903301239,59.10542678833008,0.5575740933418274,-0.011823639273643494,0.8174856305122375,2020
Egypt,4.151400089263916,9.31654167175293,0.7354478240013123,61.7801513671875,0.7083541750907898,-0.1968783140182495,0.787726879119873,2020
Sierra Leone,3.9263999462127686,7.268803119659424,0.6361420154571533,50.865142822265625,0.715315043926239,0.08866074681282043,0.8613306879997253,2020
Burundi,3.7753000259399414,6.492642402648926,0.4903257191181183,53.400001525878906,0.6263502240180969,-0.017551597207784653,0.6069345474243164,2020
Zambia,3.759399890899658,8.224720001220703,0.6988244652748108,55.29937744140625,0.806500256061554,0.07803712785243988,0.8012896776199341,2020
Haiti,3.7207999229431152,7.41132926940918,0.5932478308677673,55.59862518310547,0.5378251671791077,0.40053457021713257,0.6847672462463379,2020
Lesotho,3.6528000831604004,7.960488319396973,0.7804957032203674,48.003623962402344,0.7381258606910706,-0.14573204517364502,0.8573920726776123,2020
India,3.5732998847961426,8.849823951721191,0.5922009348869324,60.215187072753906,0.8814448714256287,0.057551607489585876,0.7720426917076111,2020
Malawi,3.5380001068115234,7.062226295471191,0.5440073013305664,57.59288787841797,0.803223192691803,0.021433278918266296,0.7317007780075073,2020
Yemen,3.527400016784668,7.759682655334473,0.8179805874824524,56.7272834777832,0.5999202728271484,-0.1577354371547699,0.8002877235412598,2020
Botswana,3.4788999557495117,9.711203575134277,0.7791217565536499,58.92445373535156,0.8213281035423279,-0.2503944933414459,0.7779309153556824,2020
Tanzania,3.4762001037597656,7.967665195465088,0.6889331936836243,57.49607467651367,0.8215397596359253,0.10966868698596954,0.6197994351387024,2020
Central African Republic,3.4758999347686768,6.625160217285156,0.31945985555648804,45.20000076293945,0.6408806443214417,0.08241035789251328,0.8918066620826721,2020
Rwanda,3.312299966812134,7.600104331970215,0.540835440158844,61.098846435546875,0.9005894064903259,0.05548395216464996,0.1835411787033081,2020
Zimbabwe,3.2992000579833984,7.865711688995361,0.7630927562713623,55.61725997924805,0.7114579081535339,-0.07206395268440247,0.8102369904518127,2020
South Sudan,2.8166000843048096,7.425359725952148,0.5537071228027344,51.0,0.4513136148452759,0.016518548130989075,0.7634173035621643,2020
Afghanistan,2.5669000148773193,7.462860584259033,0.4703669548034668,52.59000015258789,0.396573007106781,-0.09642940014600754,0.9336865544319153,2020
Finland,7.842100143432617,10.775201797485352,0.9536033868789673,72.0,0.9492678642272949,-0.09776027500629425,0.1858457326889038,2021
Denmark,7.619500160217285,10.933176040649414,0.9544095396995544,72.69975280761719,0.9456385374069214,0.030108893290162086,0.17883844673633575,2021
Switzerland,7.571499824523926,11.1173677444458,0.9417418241500854,74.40010070800781,0.9187881946563721,0.024629194289445877,0.29169848561286926,2021
Iceland,7.553899765014648,10.877767562866211,0.9829378724098206,73.0,0.9551227688789368,0.16027399897575378,0.6728646755218506,2021
Netherlands,7.464000225067139,10.931812286376953,0.9416008591651917,72.40011596679688,0.9131155610084534,0.1754044145345688,0.33793777227401733,2021
Norway,7.392499923706055,11.053126335144043,0.9544451236724854,73.30001068115234,0.9595884084701538,0.09342556446790695,0.2700278162956238,2021
Sweden,7.36269998550415,10.866994857788086,0.9338052272796631,72.7000503540039,0.9446040987968445,0.08622293174266815,0.23746000230312347,2021
Luxembourg,7.324399948120117,11.646564483642578,0.9077898859977722,72.5999984741211,0.9071798324584961,-0.03356621041893959,0.38641881942749023,2021
New Zealand,7.276599884033203,10.642712593078613,0.948147714138031,73.400146484375,0.9285796880722046,0.134256049990654,0.24164114892482758,2021
Austria,7.2677998542785645,10.906315803527832,0.9341755509376526,73.29972076416016,0.9076905846595764,0.04156827926635742,0.4813777804374695,2021
Australia,7.183499813079834,10.795604705810547,0.9401491284370422,73.90009307861328,0.9136497378349304,0.1585298627614975,0.4422915577888489,2021
Israel,7.157100200653076,10.57475757598877,0.9392313361167908,73.50325775146484,0.8000268936157227,0.030681880190968513,0.7531108856201172,2021
Germany,7.1545000076293945,10.872547149658203,0.9031664729118347,72.5000991821289,0.8751699328422546,0.010640330612659454,0.460144966840744,2021
Canada,7.103300094604492,10.77612590789795,0.9261578917503357,73.7998046875,0.9146769642829895,0.0892951712012291,0.41468605399131775,2021
Ireland,7.085299968719482,11.342286109924316,0.9472292065620422,72.39998626708984,0.8793568015098572,0.07718856632709503,0.36315593123435974,2021
Costa Rica,7.069399833679199,9.879919052124023,0.8913084864616394,71.3999252319336,0.9344320297241211,-0.12646888196468353,0.8087530136108398,2021
United Kingdom,7.063600063323975,10.70714282989502,0.9339838027954102,72.50009155273438,0.858679473400116,0.23341993987560272,0.4594566226005554,2021
Czech Republic,6.964700222015381,10.556146621704102,0.9465022087097168,70.80664825439453,0.858412504196167,-0.20834200084209442,0.8677807450294495,2021
United States,6.951499938964844,11.023136138916016,0.9198493361473083,68.19985961914062,0.8369630575180054,0.09843681752681732,0.6980640888214111,2021
Belgium,6.834000110626221,10.823075294494629,0.9055314660072327,72.19942474365234,0.7833221554756165,-0.1533680558204651,0.6455837488174438,2021
France,6.689899921417236,10.703892707824707,0.9423473477363586,73.99979400634766,0.8218606114387512,-0.14651916921138763,0.5707479119300842,2021
Bahrain,6.646900177001953,10.668610572814941,0.8616421818733215,69.49510192871094,0.9249880909919739,0.08911684900522232,0.7219851016998291,2021
Malta,6.6020002365112305,10.673663139343262,0.930931031703949,72.19999694824219,0.9272085428237915,0.13264670968055725,0.6529858112335205,2021
Taiwan Province of China,6.584400177001953,10.87099552154541,0.8982787728309631,69.5999984741211,0.7843614220619202,-0.0704944059252739,0.7213312983512878,2021
United Arab Emirates,6.560500144958496,11.08488941192627,0.8443886637687683,67.33289337158203,0.9323959946632385,0.07399898767471313,0.5891460180282593,2021
Saudi Arabia,6.49399995803833,10.74250316619873,0.8905491828918457,66.60309600830078,0.8772625923156738,-0.14943623542785645,0.6840046048164368,2021
Spain,6.490699768066406,10.570850372314453,0.9315811395645142,74.69999694824219,0.7613672614097595,-0.08113867789506912,0.7452783584594727,2021
Italy,6.483099937438965,10.62289810180664,0.879959225654602,73.800048828125,0.6929126381874084,-0.08422919362783432,0.8657403588294983,2021
Slovenia,6.460700035095215,10.529362678527832,0.9479639530181885,71.3997573852539,0.9486264586448669,-0.10067720711231232,0.8064841032028198,2021
Guatemala,6.434500217437744,9.053407669067383,0.8132908344268799,64.95813751220703,0.9058154821395874,-0.03760077431797981,0.7753238677978516,2021
Uruguay,6.431399822235107,9.965593338012695,0.9249749779701233,69.10005950927734,0.8957509398460388,-0.09222020953893661,0.5895706415176392,2021
Singapore,6.376500129699707,11.488009452819824,0.914898693561554,76.9528579711914,0.9271981716156006,-0.018426835536956787,0.0819585770368576,2021
Kosovo,6.372000217437744,9.318236351013184,0.8209583759307861,63.812744140625,0.8689715266227722,0.25741687417030334,0.9174878597259521,2021
Slovakia,6.330900192260742,10.368945121765137,0.9358723163604736,69.20065307617188,0.7663798332214355,-0.12377460300922394,0.9112483859062195,2021
Brazil,6.330100059509277,9.57730484008789,0.8815970420837402,66.60087585449219,0.804413914680481,-0.07104817032814026,0.7563974857330322,2021
Mexico,6.316800117492676,9.858916282653809,0.8308840990066528,68.59725952148438,0.8624945878982544,-0.1468086689710617,0.7990835905075073,2021
Jamaica,6.309199810028076,9.186201095581055,0.8765021562576294,67.5,0.8895829319953918,-0.13679705560207367,0.8844091892242432,2021
Lithuania,6.25540018081665,10.498724937438965,0.935331404209137,67.90605163574219,0.7731943130493164,-0.20268277823925018,0.8256320357322693,2021
Cyprus,6.223499774932861,10.57603645324707,0.8022973537445068,73.89753723144531,0.7630279064178467,-0.014914353378117085,0.8441770076751709,2021
Estonia,6.188799858093262,10.481181144714355,0.9414528608322144,68.79991149902344,0.9087128043174744,-0.10619337856769562,0.5266488194465637,2021
Panama,6.179599761962891,10.350154876708984,0.8958771228790283,69.65210723876953,0.8718804121017456,-0.1662856638431549,0.8556877374649048,2021
Uzbekistan,6.178800106048584,8.836421012878418,0.9184690117835999,65.25531005859375,0.970130980014801,0.31070613861083984,0.5150893926620483,2021
Chile,6.171899795532227,10.071078300476074,0.8822913765907288,70.0000228881836,0.7415035963058472,-0.044292550534009933,0.8303554058074951,2021
Poland,6.166100025177002,10.381980895996094,0.8982869386672974,69.70166778564453,0.8406172394752502,-0.1648647040128708,0.7353492975234985,2021
Kazakhstan,6.151800155639648,10.154766082763672,0.95210862159729,65.19985961914062,0.8525170087814331,-0.06944605708122253,0.7330804467201233,2021
Romania,6.139999866485596,10.283731460571289,0.8319143652915955,67.35520935058594,0.8450421094894409,-0.2194642722606659,0.9382724165916443,2021
Kuwait,6.106100082397461,10.816696166992188,0.8427844047546387,66.9000015258789,0.8670896291732788,-0.10416107624769211,0.7362381219863892,2021
Serbia,6.077899932861328,9.78662395477295,0.8726455569267273,68.60033416748047,0.7775619029998779,0.002192957093939185,0.8352977633476257,2021
El Salvador,6.060500144958496,9.05385684967041,0.7620758414268494,66.40190124511719,0.8875650763511658,-0.11026214063167572,0.6882754564285278,2021
Mauritius,6.048999786376953,10.008109092712402,0.9047017097473145,66.70086669921875,0.8669211864471436,-0.05411110445857048,0.7890381813049316,2021
Latvia,6.0320000648498535,10.314775466918945,0.9274994134902954,67.1001968383789,0.7145545482635498,-0.1620119959115982,0.7997939586639404,2021
Colombia,6.012400150299072,9.557000160217285,0.8468530178070068,68.00137329101562,0.8369866609573364,-0.13479644060134888,0.8408741354942322,2021
Hungary,5.991600036621094,10.358233451843262,0.9434720277786255,68.00016784667969,0.7549257278442383,-0.18617792427539825,0.8761805295944214,2021
Thailand,5.9847002029418945,9.804679870605469,0.8875290155410767,67.4011001586914,0.884037971496582,0.28739139437675476,0.895368218421936,2021
Nicaragua,5.972099781036377,8.62026596069336,0.863976001739502,67.65653228759766,0.8358175754547119,0.019603606313467026,0.6635907888412476,2021
Japan,5.940499782562256,10.611433982849121,0.8839415311813354,75.1004409790039,0.7957438826560974,-0.2581944167613983,0.6378864049911499,2021
Argentina,5.929299831390381,9.961631774902344,0.897523820400238,69.00015258789062,0.828485906124115,-0.18170379102230072,0.8339568376541138,2021
Portugal,5.928999900817871,10.421197891235352,0.8794488906860352,72.59953308105469,0.8917185664176941,-0.24439343810081482,0.8873282670974731,2021
Honduras,5.9191999435424805,8.648223876953125,0.8119232058525085,67.29987335205078,0.8570315837860107,0.08098253607749939,0.8087548017501831,2021
Croatia,5.881700038909912,10.21720027923584,0.9235941171646118,70.79936981201172,0.7536758780479431,-0.1176806166768074,0.9393432140350342,2021
Philippines,5.880199909210205,9.07558822631836,0.8299263715744019,61.99995422363281,0.916998565196991,-0.09683585166931152,0.74176424741745,2021
South Korea,5.8454999923706055,10.650712966918945,0.7990646958351135,73.89986419677734,0.6720153093338013,-0.0832347497344017,0.7270837426185608,2021
Peru,5.839600086212158,9.458379745483398,0.8322862386703491,68.25005340576172,0.8219620585441589,-0.15410254895687103,0.8911354541778564,2021
Bosnia and Herzegovina,5.8130998611450195,9.590015411376953,0.8703864216804504,68.09849548339844,0.7063484787940979,0.11252003908157349,0.9312126040458679,2021
Moldova,5.76639986038208,9.45394229888916,0.8567749261856079,65.69859313964844,0.822086751461029,-0.07867660373449326,0.9182137250900269,2021
Ecuador,5.763999938964844,9.312904357910156,0.8205147385597229,68.79994201660156,0.8421871662139893,-0.12367477267980576,0.8425045609474182,2021
Kyrgyzstan,5.743599891662598,8.538470268249512,0.8933833241462708,64.4006118774414,0.9345319867134094,0.11930427700281143,0.9077425599098206,2021
Greece,5.722599983215332,10.278793334960938,0.8227670788764954,72.60015106201172,0.5817652940750122,-0.2881526052951813,0.8231480121612549,2021
Bolivia,5.71589994430542,9.045670509338379,0.8095972537994385,63.90121841430664,0.874642014503479,-0.07731892913579941,0.839005708694458,2021
Mongolia,5.677199840545654,9.400177955627441,0.9351727962493896,62.50011444091797,0.7076252698898315,0.11551421880722046,0.8564766645431519,2021
Paraguay,5.652599811553955,9.44814395904541,0.8933451771736145,65.9000015258789,0.8764378428459167,0.02811283804476261,0.8816799521446228,2021
Montenegro,5.58050012588501,9.939974784851074,0.8582317233085632,68.6992416381836,0.7078997492790222,-0.034215305000543594,0.8122866153717041,2021
Dominican Republic,5.545100212097168,9.802362442016602,0.8528887629508972,66.10197448730469,0.8595534563064575,-0.13328588008880615,0.7141715288162231,2021
North Cyprus,5.5355000495910645,10.57603645324707,0.8203566074371338,73.89753723144531,0.7952935099601746,0.012133750133216381,0.6261156797409058,2021
Belarus,5.5335001945495605,9.853226661682129,0.909642219543457,66.25300598144531,0.6496435403823853,-0.1803240031003952,0.6266878247261047,2021
Russia,5.477200031280518,10.188741683959961,0.9028661847114563,64.70291137695312,0.7180507779121399,-0.1114475205540657,0.8446192741394043,2021
Hong Kong S.A.R. of China,5.4766998291015625,11.000312805175781,0.8357810974121094,76.8200912475586,0.7168079614639282,0.06734424829483032,0.4026504456996918,2021
Tajikistan,5.46619987487793,8.090771675109863,0.8597100973129272,64.2805404663086,0.8320024609565735,-0.055771417915821075,0.5526466965675354,2021
Vietnam,5.410799980163574,8.973156929016113,0.8499871492385864,68.03413391113281,0.9395929574966431,-0.0976143330335617,0.796421229839325,2021
Libya,5.410299777984619,9.622293472290039,0.8269725441932678,62.29999923706055,0.7710716128349304,-0.0866379514336586,0.6666070222854614,2021
Malaysia,5.384300231933594,10.238157272338867,0.8165094256401062,67.10215759277344,0.8946268558502197,0.12529583275318146,0.8393023014068604,2021
Indonesia,5.3445000648498535,9.364790916442871,0.8114106059074402,62.23636245727539,0.8728774189949036,0.5415529608726501,0.8673139214515686,2021
Congo (Brazzaville),5.341700077056885,8.117217063903809,0.6364794373512268,58.220947265625,0.6947336792945862,-0.06753960251808167,0.7446727156639099,2021
China,5.339099884033203,9.673171997070312,0.8108290433883667,69.5934066772461,0.9042927026748657,-0.1459076851606369,0.755388617515564,2021
Ivory Coast,5.306000232696533,8.551093101501465,0.6440978646278381,50.11359786987305,0.7414627075195312,-0.016492072492837906,0.7944678664207458,2021
Armenia,5.282599925994873,9.487374305725098,0.7990387082099915,67.05514526367188,0.8253329992294312,-0.1676464080810547,0.6294224262237549,2021
Nepal,5.268899917602539,8.120031356811523,0.7743813395500183,64.2327880859375,0.7824746966362,0.15201281011104584,0.7274966835975647,2021
Bulgaria,5.265500068664551,10.015582084655762,0.9307728409767151,67.00025177001953,0.7878619432449341,-0.09649267792701721,0.9321166276931763,2021
Maldives,5.1975998878479,9.8259859085083,0.9131609201431274,70.5999984741211,0.853962779045105,0.0239978339523077,0.8246503472328186,2021
Azerbaijan,5.17080020904541,9.56872844696045,0.8359205722808838,65.65584564208984,0.8141629099845886,-0.22254817187786102,0.5064712762832642,2021
Cameroon,5.1417999267578125,8.18909740447998,0.7096076011657715,53.51531219482422,0.7312072515487671,0.025644419714808464,0.8476269841194153,2021
Senegal,5.131800174713135,8.118176460266113,0.7102318406105042,59.801551818847656,0.6952162384986877,-0.0460028201341629,0.8007579445838928,2021
Albania,5.117400169372559,9.520496368408203,0.6974051594734192,68.9993896484375,0.7852362394332886,-0.02992146462202072,0.9010128974914551,2021
North Macedonia,5.101200103759766,9.693197250366211,0.8050611019134521,65.47408294677734,0.7511905431747437,0.03750887140631676,0.9051775336265564,2021
Ghana,5.088399887084961,8.580243110656738,0.7267570495605469,57.58634567260742,0.8065050840377808,0.12335524708032608,0.8481913805007935,2021
Niger,5.074100017547607,7.0976152420043945,0.6411375999450684,53.780006408691406,0.8061235547065735,0.018449943512678146,0.6925413608551025,2021
Turkmenistan,5.066400051116943,9.629326820373535,0.9828737378120422,62.40887451171875,0.8766868114471436,0.2728292644023895,0.8880501389503479,2021
Gambia,5.051000118255615,7.685917854309082,0.6896220445632935,55.160160064697266,0.6970475912094116,0.42415475845336914,0.7459676265716553,2021
Benin,5.045199871063232,8.086958885192871,0.488511323928833,54.71274948120117,0.7574853897094727,-0.03380919247865677,0.6607150435447693,2021
Laos,5.03000020980835,8.947352409362793,0.7279734015464783,58.968135833740234,0.9100531339645386,0.12314454466104507,0.6581959128379822,2021
Bangladesh,5.024600028991699,8.454228401184082,0.6933901309967041,64.79996490478516,0.877008318901062,-0.04134693741798401,0.6816807389259338,2021
Guinea,4.984300136566162,7.83774995803833,0.639484167098999,55.00819778442383,0.6972144246101379,0.09467919170856476,0.7660537958145142,2021
South Africa,4.956399917602539,9.402575492858887,0.8596819639205933,56.903968811035156,0.7493821382522583,-0.0669967532157898,0.8595834374427795,2021
Turkey,4.9475998878479,10.240470886230469,0.8217769265174866,67.1988754272461,0.5758052468299866,-0.13946326076984406,0.775604248046875,2021
Pakistan,4.934000015258789,8.458282470703125,0.6505712270736694,58.70899963378906,0.7255769968032837,0.09756748378276825,0.7869770526885986,2021
Morocco,4.918000221252441,8.902779579162598,0.5599959492683411,66.20808410644531,0.7735444903373718,-0.23571033775806427,0.8014660477638245,2021
Venezuela,4.892199993133545,9.073103904724121,0.8609268069267273,66.69985961914062,0.6153803467750549,-0.16875705122947693,0.8266558647155762,2021
Georgia,4.89139986038208,9.584575653076172,0.6711152195930481,64.30001068115234,0.7826029658317566,-0.23844508826732635,0.654995858669281,2021
Algeria,4.8871002197265625,9.34237289428711,0.8019434213638306,66.00455474853516,0.4797153174877167,-0.06698665022850037,0.7518753409385681,2021
Ukraine,4.874800205230713,9.436073303222656,0.8879203796386719,64.90174865722656,0.7244468927383423,-0.01103250589221716,0.9238168001174927,2021
Iraq,4.854100227355957,9.240058898925781,0.7456973791122437,60.583316802978516,0.6297644376754761,-0.053082242608070374,0.8752124905586243,2021
Gabon,4.851799964904785,9.60301685333252,0.7764019966125488,59.96162414550781,0.7305527925491333,-0.19985777139663696,0.8395736217498779,2021
Burkina Faso,4.833799839019775,7.678089618682861,0.6722585558891296,54.15081787109375,0.6945601105690002,-0.00861741229891777,0.7479232549667358,2021
Cambodia,4.830399990081787,8.360370635986328,0.7645816206932068,62.000335693359375,0.9585790634155273,0.033952608704566956,0.8434561491012573,2021
Mozambique,4.79449987411499,7.158463478088379,0.7438184022903442,54.705841064453125,0.8818101286888123,0.06079568713903427,0.6844094395637512,2021
Nigeria,4.759300231933594,8.532771110534668,0.7400800585746765,50.10182571411133,0.737415611743927,0.03739665448665619,0.8784207105636597,2021
Mali,4.723499774932861,7.743618488311768,0.7244561910629272,51.968902587890625,0.6972617506980896,-0.03602544218301773,0.8269209861755371,2021
Iran,4.721199989318848,9.58437442779541,0.7100515961647034,66.30035400390625,0.6075012683868408,0.2184768170118332,0.7141964435577393,2021
Uganda,4.636499881744385,7.677433490753174,0.7811079025268555,56.10139083862305,0.7088271379470825,0.12167289108037949,0.8549025058746338,2021
Liberia,4.625199794769287,7.287705898284912,0.7201086282730103,56.49757766723633,0.7352684736251831,0.05023176968097687,0.849899411201477,2021
Kenya,4.606599807739258,8.36077880859375,0.6880660653114319,60.70405197143555,0.7785444855690002,0.2868662476539612,0.8254486322402954,2021
Tunisia,4.596499919891357,9.265801429748535,0.6909812092781067,67.20076751708984,0.6559020280838013,-0.2005712240934372,0.8699617981910706,2021
Lebanon,4.583799839019775,9.625673294067383,0.8478091359138489,67.35521697998047,0.5252207517623901,-0.07346584647893906,0.8981228470802307,2021
Namibia,4.574100017547607,9.160563468933105,0.8180958032608032,56.79882049560547,0.7192999720573425,-0.14897291362285614,0.8467019200325012,2021
Palestinian Territories,4.51669979095459,8.484533309936523,0.8259382247924805,62.25,0.6530195474624634,-0.16252174973487854,0.8213176131248474,2021
Myanmar,4.42579984664917,8.540955543518066,0.7789490222930908,59.30188751220703,0.8756269216537476,0.508870542049408,0.6595363020896912,2021
Jordan,4.394599914550781,9.18210506439209,0.7668236494064331,67.00030517578125,0.7552774548530579,-0.16678906977176666,0.7046573758125305,2021
Chad,4.355400085449219,7.364013195037842,0.6193000078201294,48.47800064086914,0.5786272883415222,0.04134179651737213,0.8069084286689758,2021
Sri Lanka,4.324999809265137,9.470399856567383,0.8265063762664795,67.29920959472656,0.8414434194564819,0.07883036136627197,0.8630807399749756,2021
Swaziland,4.30810022354126,9.065187454223633,0.770290195941925,50.8331413269043,0.6468222737312317,-0.18486350774765015,0.7082633376121521,2021
Comoros,4.288599967956543,8.030753135681152,0.6256624460220337,57.3490104675293,0.5476126074790955,0.08156636357307434,0.7806226015090942,2021
Egypt,4.282700061798096,9.366633415222168,0.7497766613960266,61.99771499633789,0.7485634684562683,-0.18211384117603302,0.794777512550354,2021
Ethiopia,4.274700164794922,7.693592548370361,0.7638999223709106,58.99952697753906,0.7521147727966309,0.08200153708457947,0.7605333924293518,2021
Mauritania,4.227399826049805,8.541807174682617,0.7949525117874146,57.160579681396484,0.5612248778343201,-0.10640240460634232,0.7309130430221558,2021
Madagascar,4.208499908447266,7.396349906921387,0.6857328414916992,59.30538558959961,0.5521671772003174,-0.0051393574103713036,0.8031488656997681,2021
Togo,4.106800079345703,7.362420558929443,0.5689000487327576,54.91435241699219,0.6193913221359253,0.031523190438747406,0.7722567319869995,2021
Zambia,4.073400020599365,8.145450592041016,0.707517683506012,55.80921173095703,0.7818997502326965,0.060520924627780914,0.8234307765960693,2021
Sierra Leone,3.849400043487549,7.433872222900391,0.6299904584884644,51.65053939819336,0.7171773314476013,0.0839950293302536,0.8663837313652039,2021
India,3.8189001083374023,8.755183219909668,0.6029612421989441,60.632999420166016,0.8931295871734619,0.08932670205831528,0.7737091183662415,2021
Burundi,3.7753000259399414,6.635322093963623,0.4903257191181183,53.400001525878906,0.6263502240180969,-0.023876165971159935,0.6069345474243164,2021
Yemen,3.657900094985962,7.578436851501465,0.8315374255180359,57.1215705871582,0.6021565794944763,-0.14671222865581512,0.8002877235412598,2021
Tanzania,3.623199939727783,7.875572204589844,0.702070951461792,57.998992919921875,0.8331366777420044,0.18315006792545319,0.5769856572151184,2021
Haiti,3.6149001121520996,7.477138042449951,0.5395039319992065,55.70000076293945,0.5933555960655212,0.4215203523635864,0.7210492491722107,2021
Malawi,3.5999999046325684,6.95752477645874,0.5369946956634521,57.94752502441406,0.7797031402587891,0.03840235620737076,0.7290654182434082,2021
Lesotho,3.5118000507354736,7.925776958465576,0.7868713736534119,48.70000076293945,0.7149537205696106,-0.13053622841835022,0.9153769016265869,2021
Botswana,3.4665000438690186,9.781536102294922,0.7841714024543762,59.269187927246094,0.8243942260742188,-0.24615925550460815,0.8006190657615662,2021
Rwanda,3.4147000312805176,7.676117897033691,0.5523390769958496,61.39972686767578,0.8967583775520325,0.06052568554878235,0.16680097579956055,2021
Zimbabwe,3.1447999477386475,7.942595481872559,0.750469982624054,56.20083999633789,0.6767001152038574,-0.04734573885798454,0.8209987282752991,2021
Afghanistan,2.522900104522705,7.694709777832031,0.46259555220603943,52.49261474609375,0.3817485272884369,-0.10168354213237762,0.924338161945343,2021
Finland,7.821000099182129,,,,,,,2022
Denmark,7.636199951171875,,,,,,,2022
Iceland,7.557499885559082,,,,,,,2022
Switzerland,7.511600017547607,,,,,,,2022
Netherlands,7.414899826049805,,,,,,,2022
Luxembourg*,7.4039998054504395,,,,,,,2022
Sweden,7.384300231933594,,,,,,,2022
Norway,7.365099906921387,,,,,,,2022
Israel,7.363800048828125,,,,,,,2022
New Zealand,7.19980001449585,,,,,,,2022
Austria,7.163000106811523,,,,,,,2022
Australia,7.162099838256836,,,,,,,2022
Ireland,7.040800094604492,,,,,,,2022
Germany,7.03410005569458,,,,,,,2022
Canada,7.025100231170654,,,,,,,2022
United States,6.976799964904785,,,,,,,2022
United Kingdom,6.942500114440918,,,,,,,2022
Czechia,6.9197998046875,,,,,,,2022
Belgium,6.804999828338623,,,,,,,2022
France,6.686699867248535,,,,,,,2022
Bahrain,6.646900177001953,,,,,,,2022
Slovenia,6.630099773406982,,,,,,,2022
Costa Rica,6.581999778747559,,,,,,,2022
United Arab Emirates,6.576000213623047,,,,,,,2022
Saudi Arabia,6.522799968719482,,,,,,,2022
Taiwan Province of China,6.512499809265137,,,,,,,2022
Singapore,6.480199813842773,,,,,,,2022
Romania,6.4770002365112305,,,,,,,2022
Spain,6.47629976272583,,,,,,,2022
Uruguay,6.473599910736084,,,,,,,2022
Italy,6.466700077056885,,,,,,,2022
Kosovo,6.455100059509277,,,,,,,2022
Malta,6.446899890899658,,,,,,,2022
Lithuania,6.4456000328063965,,,,,,,2022
Slovakia,6.390699863433838,,,,,,,2022
Estonia,6.340799808502197,,,,,,,2022
Panama,6.309100151062012,,,,,,,2022
Brazil,6.292799949645996,,,,,,,2022
Guatemala*,6.262199878692627,,,,,,,2022
Kazakhstan,6.234099864959717,,,,,,,2022
Cyprus,6.220900058746338,,,,,,,2022
Latvia,6.1803998947143555,,,,,,,2022
Serbia,6.177999973297119,,,,,,,2022
Chile,6.171800136566162,,,,,,,2022
Nicaragua,6.164599895477295,,,,,,,2022
Mexico,6.127600193023682,,,,,,,2022
Croatia,6.125199794769287,,,,,,,2022
Poland,6.122799873352051,,,,,,,2022
El Salvador,6.119999885559082,,,,,,,2022
Kuwait*,6.106100082397461,,,,,,,2022
Hungary,6.085899829864502,,,,,,,2022
Mauritius,6.071100234985352,,,,,,,2022
Uzbekistan,6.062699794769287,,,,,,,2022
Japan,6.038899898529053,,,,,,,2022
Honduras,6.02209997177124,,,,,,,2022
Portugal,6.016300201416016,,,,,,,2022
Argentina,5.9670000076293945,,,,,,,2022
Greece,5.948200225830078,,,,,,,2022
South Korea,5.935100078582764,,,,,,,2022
Philippines,5.903600215911865,,,,,,,2022
Thailand,5.891200065612793,,,,,,,2022
Moldova,5.856800079345703,,,,,,,2022
Jamaica,5.849599838256836,,,,,,,2022
Kyrgyzstan,5.828499794006348,,,,,,,2022
Belarus*,5.821499824523926,,,,,,,2022
Colombia,5.780600070953369,,,,,,,2022
Bosnia and Herzegovina,5.76800012588501,,,,,,,2022
Mongolia,5.760700225830078,,,,,,,2022
Dominican Republic,5.737199783325195,,,,,,,2022
Malaysia,5.711299896240234,,,,,,,2022
Bolivia,5.600299835205078,,,,,,,2022
China,5.585299968719482,,,,,,,2022
Paraguay,5.5782999992370605,,,,,,,2022
Peru,5.559100151062012,,,,,,,2022
Montenegro,5.546800136566162,,,,,,,2022
Ecuador,5.533299922943115,,,,,,,2022
Vietnam,5.485000133514404,,,,,,,2022
Turkmenistan*,5.474299907684326,,,,,,,2022
North Cyprus*,5.466599941253662,,,,,,,2022
Russia,5.458600044250488,,,,,,,2022
Hong Kong S.A.R. of China,5.424799919128418,,,,,,,2022
Armenia,5.398600101470947,,,,,,,2022
Tajikistan,5.377099990844727,,,,,,,2022
Nepal,5.376500129699707,,,,,,,2022
Bulgaria,5.3709001541137695,,,,,,,2022
Libya*,5.3302001953125,,,,,,,2022
Indonesia,5.23960018157959,,,,,,,2022
Ivory Coast,5.234600067138672,,,,,,,2022
North Macedonia,5.198999881744385,,,,,,,2022
Albania,5.198800086975098,,,,,,,2022
South Africa,5.193900108337402,,,,,,,2022
Azerbaijan*,5.173399925231934,,,,,,,2022
Gambia*,5.163599967956543,,,,,,,2022
Bangladesh,5.1554999351501465,,,,,,,2022
Laos,5.1402997970581055,,,,,,,2022
Algeria,5.122300148010254,,,,,,,2022
Liberia*,5.121500015258789,,,,,,,2022
Ukraine,5.084099769592285,,,,,,,2022
Congo,5.075200080871582,,,,,,,2022
Morocco,5.059899806976318,,,,,,,2022
Mozambique,5.048299789428711,,,,,,,2022
Cameroon,5.047599792480469,,,,,,,2022
Senegal,5.04610013961792,,,,,,,2022
Niger*,5.003499984741211,,,,,,,2022
Georgia,4.973199844360352,,,,,,,2022
Gabon,4.9583001136779785,,,,,,,2022
Iraq,4.940899848937988,,,,,,,2022
Venezuela,4.92549991607666,,,,,,,2022
Guinea,4.890500068664551,,,,,,,2022
Iran,4.887899875640869,,,,,,,2022
Ghana,4.872000217437744,,,,,,,2022
Turkey,4.744200229644775,,,,,,,2022
Burkina Faso,4.670499801635742,,,,,,,2022
Cambodia,4.6402997970581055,,,,,,,2022
Benin,4.623199939727783,,,,,,,2022
Comoros*,4.60860013961792,,,,,,,2022
Uganda,4.60260009765625,,,,,,,2022
Nigeria,4.552000045776367,,,,,,,2022
Kenya,4.543000221252441,,,,,,,2022
Tunisia,4.515999794006348,,,,,,,2022
Pakistan,4.5157999992370605,,,,,,,2022
Palestinian Territories*,4.482500076293945,,,,,,,2022
Mali,4.479000091552734,,,,,,,2022
Namibia,4.459400177001953,,,,,,,2022
"Eswatini, Kingdom of*",4.396100044250488,,,,,,,2022
Myanmar,4.394199848175049,,,,,,,2022
Sri Lanka,4.362199783325195,,,,,,,2022
Madagascar*,4.339099884033203,,,,,,,2022
Egypt,4.287700176239014,,,,,,,2022
Chad*,4.250800132751465,,,,,,,2022
Ethiopia,4.241499900817871,,,,,,,2022
Yemen*,4.196899890899658,,,,,,,2022
Mauritania*,4.152599811553955,,,,,,,2022
Jordan,4.152100086212158,,,,,,,2022
Togo,4.112299919128418,,,,,,,2022
India,3.777100086212158,,,,,,,2022
Zambia,3.7597999572753906,,,,,,,2022
Malawi,3.7504000663757324,,,,,,,2022
Tanzania,3.702399969100952,,,,,,,2022
Sierra Leone,3.5739998817443848,,,,,,,2022
Lesotho*,3.5118000507354736,,,,,,,2022
Botswana*,3.471100091934204,,,,,,,2022
Rwanda*,3.268199920654297,,,,,,,2022
Zimbabwe,2.9951000213623047,,,,,,,2022
Lebanon,2.9553000926971436,,,,,,,2022
Afghanistan,2.4038000106811523,,,,,,,2022
xx,,,,,,,,2022
Finland,7.804200172424316,10.792010307312012,0.9687696099281311,71.14999389648438,0.9614078998565674,-0.01882416568696499,0.1817445605993271,2023
Denmark,7.586400032043457,10.962163925170898,0.9541122317314148,71.2501449584961,0.9335328340530396,0.13424216210842133,0.19581389427185059,2023
Iceland,7.529600143432617,10.895530700683594,0.9825330972671509,72.05001831054688,0.9363492131233215,0.21098653972148895,0.6678478121757507,2023
Israel,7.472899913787842,10.638705253601074,0.943343997001648,72.69720458984375,0.8088658452033997,-0.023080050945281982,0.7080935835838318,2023
Netherlands,7.4029998779296875,10.942278861999512,0.9304993152618408,71.55001831054688,0.8868750929832458,0.21268615126609802,0.3789292871952057,2023
Sweden,7.395199775695801,10.88282299041748,0.9392486810684204,72.15015411376953,0.9479710459709167,0.16478857398033142,0.20244838297367096,2023
Norway,7.315499782562256,11.087730407714844,0.9434765577316284,71.5000228881836,0.9466164112091064,0.14063605666160583,0.28274470567703247,2023
Switzerland,7.240099906921387,11.164027214050293,0.9204392433166504,72.89995574951172,0.8910744190216064,0.026686418801546097,0.26634758710861206,2023
Luxembourg,7.22790002822876,11.65994930267334,0.878500759601593,71.67500305175781,0.9149384498596191,0.023949623107910156,0.34497830271720886,2023
New Zealand,7.122900009155273,10.661865234375,0.9523983597755432,70.35005187988281,0.8865742683410645,0.17482823133468628,0.27120545506477356,2023
Austria,7.097300052642822,10.898905754089355,0.8884358406066895,71.1500473022461,0.8547372817993164,0.10160446912050247,0.4967743754386902,2023
Australia,7.094600200653076,10.821048736572266,0.9338704347610474,71.04994201660156,0.890199601650238,0.19756107032299042,0.4959157407283783,2023
Canada,6.960700035095215,10.772655487060547,0.9287933111190796,71.40003967285156,0.8744681477546692,0.15254651010036469,0.42021140456199646,2023
Ireland,6.910799980163574,11.527361869812012,0.905368447303772,71.29995727539062,0.8743810653686523,0.09165952354669571,0.3579522371292114,2023
United States,6.893700122833252,11.048249244689941,0.9191621541976929,65.85025024414062,0.8004881143569946,0.1365049034357071,0.6885946989059448,2023
Germany,6.8917999267578125,10.878609657287598,0.8959547877311707,71.29983520507812,0.845851480960846,0.03003772906959057,0.4195641279220581,2023
Belgium,6.859099864959717,10.843586921691895,0.9148709774017334,70.89908599853516,0.8252285122871399,0.0014193850802257657,0.5485734343528748,2023
Czechia,6.845200061798096,10.6110200881958,0.9525779485702515,69.04974365234375,0.9025148749351501,0.039763081818819046,0.8589491844177246,2023
United Kingdom,6.795599937438965,10.704244613647461,0.8822047114372253,70.30000305175781,0.8521915674209595,0.2533075213432312,0.4540797472000122,2023
Lithuania,6.763000011444092,10.567838668823242,0.9393466114997864,67.3969955444336,0.7478520274162292,-0.1452128291130066,0.8050867319107056,2023
France,6.661300182342529,10.700735092163086,0.9088037610054016,72.30005645751953,0.818730354309082,-0.10028985142707825,0.5526185035705566,2023
Slovenia,6.649899959564209,10.58829116821289,0.9505247473716736,71.05184936523438,0.9132804870605469,0.014400637708604336,0.7712460160255432,2023
Costa Rica,6.608500003814697,9.951566696166992,0.8716379404067993,70.0,0.8950209617614746,-0.06980490684509277,0.767810046672821,2023
Romania,6.589099884033203,10.339055061340332,0.8479619026184082,67.05085754394531,0.8558145761489868,-0.17174836993217468,0.9290894269943237,2023
Singapore,6.586699962615967,11.571497917175293,0.8775396943092346,73.80000305175781,0.8776695728302002,0.06273898482322693,0.1461123824119568,2023
United Arab Emirates,6.571199893951416,11.145174026489258,0.825512707233429,66.24315643310547,0.9417835474014282,0.0956914871931076,0.5837928652763367,2023
Taiwan Province of China,6.535399913787842,10.797459602355957,0.88442462682724,69.5999984741211,0.8039209842681885,-0.1289578080177307,0.6809817552566528,2023
Uruguay,6.493899822235107,10.03650951385498,0.9132089614868164,67.5,0.8952000141143799,-0.0646173283457756,0.574579119682312,2023
Slovakia,6.468599796295166,10.353433609008789,0.9525606036186218,68.83783721923828,0.7532278895378113,-0.016442598775029182,0.897835910320282,2023
Saudi Arabia,6.462600231170654,10.71545124053955,0.8838691711425781,64.39929962158203,0.8938149809837341,-0.08065205812454224,0.6913089752197266,2023
Estonia,6.4552001953125,10.541337966918945,0.945625901222229,69.6501693725586,0.9287907481193542,0.03176429495215416,0.40946701169013977,2023
Spain,6.436200141906738,10.540300369262695,0.9317399263381958,72.3499755859375,0.782114565372467,-0.06592799723148346,0.7105185389518738,2023
Italy,6.4045000076293945,10.634051322937012,0.881569504737854,72.05000305175781,0.7105135917663574,-0.07354280352592468,0.8417539000511169,2023
Kosovo,6.367599964141846,9.359097480773926,0.8437927961349487,65.19499206542969,0.861473560333252,0.2587166726589203,0.8661229014396667,2023
Chile,6.333799839019775,10.113971710205078,0.8891310691833496,70.2998275756836,0.7922620177268982,-0.01102911215275526,0.8227498531341553,2023
Mexico,6.329500198364258,9.849601745605469,0.8040080666542053,65.80000305175781,0.8562236428260803,-0.09356047213077545,0.7683507204055786,2023
Malta,6.299900054931641,10.660865783691406,0.9226775169372559,71.60003662109375,0.8856375217437744,0.11931498348712921,0.7288661599159241,2023
Panama,6.264500141143799,10.305059432983398,0.8963010907173157,68.95027160644531,0.8550963401794434,-0.1333904266357422,0.8782973885536194,2023
Poland,6.259699821472168,10.45294189453125,0.9250565767288208,69.04891967773438,0.7654918432235718,-0.030951187014579773,0.7355665564537048,2023
Nicaragua,6.258800029754639,8.617688179016113,0.8528122305870056,65.64956665039062,0.8774302005767822,0.020930536091327667,0.6250089406967163,2023
Latvia,6.212699890136719,10.370321273803711,0.9371284246444702,66.4003677368164,0.8176073431968689,-0.05558248236775398,0.8302519917488098,2023
Bahrain,6.1732001304626465,10.775781631469727,0.8438454270362854,65.82499694824219,0.9439725875854492,0.11702514439821243,0.736698567867279,2023
Guatemala,6.150300025939941,9.11570930480957,0.8117339015007019,62.900001525878906,0.8559675216674805,-0.05726039409637451,0.8365757465362549,2023
Kazakhstan,6.143899917602539,10.16606616973877,0.9314469695091248,65.8017349243164,0.8532366156578064,-0.00048266377416439354,0.7214602828025818,2023
Serbia,6.143599987030029,9.85398006439209,0.8730476498603821,67.08761596679688,0.8450360298156738,0.20399533212184906,0.816429853439331,2023
Cyprus,6.130000114440918,10.6112060546875,0.8260807394981384,72.80194091796875,0.7238736748695374,-0.06002657115459442,0.8597859740257263,2023
Japan,6.129000186920166,10.615657806396484,0.8941164612770081,74.3494644165039,0.7994951009750366,-0.2369365394115448,0.6399160623550415,2023
Croatia,6.125,10.340739250183105,0.9171806573867798,68.94998168945312,0.7571233510971069,-0.09264640510082245,0.9252828359603882,2023
Brazil,6.124599933624268,9.58218765258789,0.836276650428772,65.74871063232422,0.8013285398483276,-0.009369962848722935,0.7376851439476013,2023
El Salvador,6.121600151062012,9.089116096496582,0.7547428011894226,65.59691619873047,0.9175320863723755,-0.10790495574474335,0.6196134686470032,2023
Hungary,6.041200160980225,10.418682098388672,0.9426373243331909,67.50045013427734,0.7578166723251343,-0.0591716542840004,0.8388599753379822,2023
Argentina,6.02370023727417,9.95878791809082,0.8908900618553162,67.20008087158203,0.8226782083511353,-0.08947993069887161,0.8140133619308472,2023
Honduras,6.022500038146973,8.635234832763672,0.7655693888664246,64.0630111694336,0.8426064848899841,0.09735216200351715,0.8429010510444641,2023
Uzbekistan,6.0142998695373535,8.948406219482422,0.874754011631012,65.3005142211914,0.9379149079322815,0.22953176498413086,0.6381723880767822,2023
Malaysia,6.01230001449585,10.169085502624512,0.7986076474189758,65.66233825683594,0.876727819442749,0.1595873385667801,0.7584688663482666,2023
Portugal,5.9679999351501465,10.4286527633667,0.877972424030304,71.25039672851562,0.9024332165718079,-0.1960751861333847,0.8780763149261475,2023
South Korea,5.951099872589111,10.69267463684082,0.8116115927696228,73.65018463134766,0.7168270945549011,-0.046214234083890915,0.7011785507202148,2023
Greece,5.9309000968933105,10.288155555725098,0.8349514007568359,71.14976501464844,0.5679218173027039,-0.23956792056560516,0.7932218313217163,2023
Mauritius,5.902299880981445,9.95720100402832,0.888333261013031,63.85012435913086,0.8129426836967468,-0.028224512934684753,0.7749056816101074,2023
Thailand,5.8429999351501465,9.751472473144531,0.8735074400901794,68.44964599609375,0.8503376245498657,0.288653165102005,0.9103906750679016,2023
Mongolia,5.840199947357178,9.372422218322754,0.9328268766403198,60.49993133544922,0.7011629343032837,0.1904609650373459,0.8487215042114258,2023
Kyrgyzstan,5.825300216674805,8.485833168029785,0.911150336265564,66.85247039794922,0.9342929720878601,0.18135109543800354,0.9037905335426331,2023
Moldova,5.819200038909912,9.498775482177734,0.8566350340843201,65.29906463623047,0.8397157788276672,-0.08008436858654022,0.900856614112854,2023
China,5.81790018081665,9.738065719604492,0.8356984853744507,68.68879699707031,0.8818911910057068,-0.04078250378370285,0.7272279858589172,2023
Vietnam,5.763299942016602,9.286938667297363,0.8211429715156555,65.5024185180664,0.9386405944824219,-0.003642743919044733,0.7588440775871277,2023
Paraguay,5.737800121307373,9.509722709655762,0.9060643315315247,65.89987182617188,0.8908432126045227,0.020743167027831078,0.8425903916358948,2023
Montenegro,5.7221999168396,9.812590599060059,0.8896059989929199,67.0999984741211,0.8049980401992798,0.06348329037427902,0.8444382548332214,2023
Jamaica,5.702700138092041,9.16460132598877,0.8673140406608582,66.5999984741211,0.8223790526390076,-0.10625693202018738,0.8750672340393066,2023
Bolivia,5.684299945831299,8.984602928161621,0.8113415241241455,63.598941802978516,0.8683634400367737,-0.06271975487470627,0.8457956910133362,2023
Russia,5.660699844360352,10.209748268127441,0.8886616826057434,64.947265625,0.7193708419799805,-0.030358081683516502,0.8014196753501892,2023
Bosnia and Herzegovina,5.632500171661377,9.615763664245605,0.8803004622459412,67.27503204345703,0.7461434006690979,0.2064070999622345,0.9175378084182739,2023
Colombia,5.63040018081665,9.584429740905762,0.8216689825057983,69.34968566894531,0.8042616844177246,-0.10431458801031113,0.83354651927948,2023
Dominican Republic,5.568900108337402,9.810591697692871,0.8270636200904846,64.39896392822266,0.8500227928161621,-0.09879419952630997,0.6567947268486023,2023
Ecuador,5.558899879455566,9.270211219787598,0.8057536482810974,69.0002212524414,0.8022295236587524,-0.10767285525798798,0.8325657844543457,2023
Peru,5.525899887084961,9.401518821716309,0.7979649901390076,69.84983825683594,0.7943701148033142,-0.11885213851928711,0.8917118310928345,2023
Philippines,5.522900104522705,8.978732109069824,0.7799321413040161,62.03751754760742,0.9185475707054138,-0.059889622032642365,0.7320905923843384,2023
Bulgaria,5.466100215911865,10.086685180664062,0.9182446599006653,66.49977111816406,0.8005364537239075,-0.05682698264718056,0.9109797477722168,2023
Nepal,5.360300064086914,8.256011962890625,0.7478566765785217,61.84700012207031,0.8079494833946228,0.14593517780303955,0.7833759188652039,2023
Armenia,5.341700077056885,9.614712715148926,0.7902310490608215,67.78897094726562,0.7956050634384155,-0.15531496703624725,0.7054339051246643,2023
Tajikistan,5.329800128936768,8.236533164978027,0.8355719447135925,62.225528717041016,0.8320024609565735,-0.05975857377052307,0.5215774178504944,2023
Algeria,5.329100131988525,9.300213813781738,0.8552190065383911,66.54923248291016,0.5712404251098633,-0.11737403273582458,0.7169064283370972,2023
Hong Kong S.A.R. of China,5.308499813079834,10.966443061828613,0.8169247508049011,77.27977752685547,0.6873374581336975,-0.025891533121466637,0.3846096694469452,2023
Albania,5.277299880981445,9.567472457885742,0.7179091572761536,69.15007019042969,0.7943277955055237,-0.006932398770004511,0.8780936002731323,2023
Indonesia,5.276899814605713,9.38515567779541,0.803985059261322,63.04774475097656,0.8801135420799255,0.5313863158226013,0.8759906888008118,2023
South Africa,5.274600028991699,9.477535247802734,0.906631350517273,56.98897171020508,0.7300763726234436,-0.08662868291139603,0.9021425843238831,2023
Congo (Brazzaville),5.267099857330322,8.095203399658203,0.6046052575111389,56.85004425048828,0.7300418019294739,-0.004339446779340506,0.7391861081123352,2023
North Macedonia,5.253600120544434,9.703169822692871,0.8047484159469604,66.50035095214844,0.7689635753631592,0.13123969733715057,0.9017152786254883,2023
Venezuela,5.210599899291992,5.526723384857178,0.8388254046440125,64.04983520507812,0.6587069630622864,0.1283712387084961,0.8114349842071533,2023
Laos,5.1107001304626465,8.962409019470215,0.6789469718933105,60.945587158203125,0.9188553094863892,0.09098886698484421,0.7025218605995178,2023
Georgia,5.109099864959717,9.646263122558594,0.7161714434623718,64.95006561279297,0.7864701747894287,-0.2542763352394104,0.6488924622535706,2023
Guinea,5.071700096130371,7.880491733551025,0.6486329436302185,54.185394287109375,0.6587153673171997,0.12520068883895874,0.7869686484336853,2023
Ukraine,5.071400165557861,9.313715934753418,0.8775262236595154,64.5501708984375,0.7954239845275879,0.24031107127666473,0.9067386388778687,2023
Ivory Coast,5.052700042724609,8.576385498046875,0.5723483562469482,55.95271301269531,0.7326547503471375,0.0028205241542309523,0.7458509802818298,2023
Gabon,5.0346999168396,9.537482261657715,0.7455086708068848,58.25178909301758,0.6417741179466248,-0.18701210618019104,0.7863147854804993,2023
Nigeria,4.980599880218506,8.49583911895752,0.739812433719635,54.89082717895508,0.7184043526649475,0.07284920662641525,0.9111672043800354,2023
Cameroon,4.973199844360352,8.21674919128418,0.6862311959266663,55.847137451171875,0.6862788796424866,0.014762576669454575,0.8463644981384277,2023
Mozambique,4.953999996185303,7.116300582885742,0.6918163299560547,51.53021240234375,0.8514707088470459,0.046691328287124634,0.6604602932929993,2023
Iraq,4.940899848937988,9.098432540893555,0.7184528112411499,63.41473388671875,0.6457712054252625,-0.005399684421718121,0.8762640357017517,2023
State of Palestine,4.907800197601318,8.716377258300781,0.8594945073127747,,0.6944997906684875,-0.13236990571022034,0.8357949256896973,2023
Morocco,4.9028000831604,8.973066329956055,0.5531101226806641,63.90077590942383,0.7872825860977173,-0.23078373074531555,0.8108253479003906,2023
Iran,4.876299858093262,9.610322952270508,0.777547299861908,66.59994506835938,0.592562198638916,0.17293280363082886,0.7470312714576721,2023
Senegal,4.855100154876709,8.15528678894043,0.6292861104011536,59.998931884765625,0.7716072201728821,0.010772932320833206,0.8458921313285828,2023
Mauritania,4.723899841308594,8.590913772583008,0.6438930630683899,60.474998474121094,0.6222173571586609,-0.012799613177776337,0.6573241949081421,2023
Burkina Faso,4.637599945068359,7.666715621948242,0.6634751558303833,55.461307525634766,0.696463406085968,0.09536733478307724,0.7713660597801208,2023
Namibia,4.630799770355225,9.120738983154297,0.7869246602058411,56.8513298034668,0.6694822311401367,-0.12557707726955414,0.8303823471069336,2023
Turkiye,4.613500118255615,10.30681324005127,0.7957817316055298,68.6626968383789,0.4753239154815674,-0.07701713591814041,0.7948973774909973,2023
Ghana,4.605000019073486,8.595744132995605,0.6406720876693726,58.76277542114258,0.7769143581390381,0.13925385475158691,0.8805339336395264,2023
Pakistan,4.5553998947143555,8.54032039642334,0.6013326644897461,57.3125,0.7656802535057068,0.007815486751496792,0.7866216897964478,2023
Niger,4.501299858093262,7.0909833908081055,0.5900665521621704,56.54999923706055,0.7877514958381653,0.03229398652911186,0.733547568321228,2023
Tunisia,4.496699810028076,9.24356746673584,0.7297623753547668,67.00008392333984,0.5764917731285095,-0.21260371804237366,0.9067373871803284,2023
Kenya,4.486599922180176,8.458258628845215,0.6900045871734619,58.49850845336914,0.6955903768539429,0.28811517357826233,0.8524206876754761,2023
Sri Lanka,4.4415998458862305,9.491007804870605,0.8259633183479309,67.14990234375,0.7865561246871948,-0.029988300055265427,0.8084906339645386,2023
Uganda,4.432499885559082,7.715771675109863,0.7940431237220764,58.91272735595703,0.7012752890586853,0.11373607814311981,0.8572147488594055,2023
Chad,4.396599769592285,7.261128902435303,0.7220418453216553,53.125,0.6767348647117615,0.22116167843341827,0.8067120909690857,2023
Cambodia,4.393499851226807,8.384782791137695,0.7465294599533081,61.89963150024414,0.9584201574325562,0.07331392914056778,0.8572046160697937,2023
Benin,4.373700141906738,8.103285789489746,0.43707209825515747,56.09510040283203,0.7433569431304932,-0.04252257198095322,0.5756282806396484,2023
Myanmar,4.372499942779541,8.403970718383789,0.7867182493209839,61.38812255859375,0.7271373271942139,0.4913972020149231,0.6584481000900269,2023
Bangladesh,4.282100200653076,8.684880256652832,0.5444689989089966,64.54842376708984,0.8450080156326294,0.005050376523286104,0.6981850862503052,2023
Gambia,4.279399871826172,7.6478166580200195,0.5842756032943726,57.900001525878906,0.5964681506156921,0.3642035126686096,0.8826649188995361,2023
Mali,4.197800159454346,7.655168056488037,0.5934811234474182,55.40291976928711,0.7128318548202515,-0.028211304917931557,0.8460237383842468,2023
Egypt,4.170499801635742,9.366826057434082,0.726098895072937,63.50303649902344,0.732426106929779,-0.18290594220161438,0.5802462100982666,2023
Togo,4.137400150299072,7.673266410827637,0.5953555107116699,57.44898223876953,0.6574302911758423,0.024008233100175858,0.7398090958595276,2023
Jordan,4.119800090789795,9.13038158416748,0.7292184233665466,67.5999984741211,0.7701277136802673,-0.1498849242925644,0.6872015595436096,2023
Ethiopia,4.09060001373291,7.738730430603027,0.7824801206588745,60.69827651977539,0.7202762365341187,0.2733151912689209,0.7886511087417603,2023
Liberia,4.042300224304199,7.27675199508667,0.5963802337646484,56.70000076293945,0.7352649569511414,0.1543213427066803,0.8300513029098511,2023
India,4.035799980163574,8.758988380432129,0.6082374453544617,60.77688217163086,0.896719217300415,0.07174995541572571,0.7735828757286072,2023
Madagascar,4.019100189208984,7.290209770202637,0.6498976349830627,58.04999923706055,0.5218921303749084,0.07543767988681793,0.7418231964111328,2023
Zambia,3.9821999073028564,8.073851585388184,0.6935360431671143,55.03213882446289,0.7908714413642883,0.0983889028429985,0.8175567388534546,2023
Tanzania,3.6937999725341797,7.857411861419678,0.652874767780304,59.401485443115234,0.8379266262054443,0.18199002742767334,0.5538731813430786,2023
Comoros,3.5452001094818115,8.074591636657715,0.47072526812553406,59.42499923706055,0.46987229585647583,-0.014281230978667736,0.7269982695579529,2023
Malawi,3.4951999187469482,7.301522731781006,0.5307964086532593,58.475345611572266,0.7500357627868652,0.005193292163312435,0.748948872089386,2023
Botswana,3.43530011177063,9.629345893859863,0.753311276435852,54.724998474121094,0.7422487139701843,-0.21462056040763855,0.830392062664032,2023
Congo (Kinshasa),3.207200050354004,7.00667142868042,0.6516097784042358,55.375,0.6637976765632629,0.08599790185689926,0.833751916885376,2023
Zimbabwe,3.2035000324249268,7.640997886657715,0.6899175047874451,54.049888610839844,0.6540554761886597,-0.04623023048043251,0.7655823230743408,2023
Sierra Leone,3.1375999450683594,7.394014358520508,0.5552510619163513,54.89985275268555,0.6603673100471497,0.10492908954620361,0.8577796816825867,2023
Lebanon,2.392199993133545,9.477677345275879,0.5297536849975586,66.14881896972656,0.47390028834342957,-0.14091499149799347,0.8911038637161255,2023
Afghanistan,1.8589999675750732,7.324032306671143,0.3413406312465668,54.71240997314453,0.381641685962677,-0.08101112395524979,0.8472148180007935,2023
Finland,7.740699768066406,,,,,,,2024
Denmark,7.582699775695801,,,,,,,2024
Iceland,7.525100231170654,,,,,,,2024
Sweden,7.344099998474121,,,,,,,2024
Israel,7.341100215911865,,,,,,,2024
Netherlands,7.319399833679199,,,,,,,2024
Norway,7.301700115203857,,,,,,,2024
Luxembourg,7.1219000816345215,,,,,,,2024
Switzerland,7.060200214385986,,,,,,,2024
Australia,7.0569000244140625,,,,,,,2024
New Zealand,7.029200077056885,,,,,,,2024
Costa Rica,6.955399990081787,,,,,,,2024
Kuwait,6.951399803161621,,,,,,,2024
Austria,6.904699802398682,,,,,,,2024
Canada,6.899600028991699,,,,,,,2024
Belgium,6.894199848175049,,,,,,,2024
Ireland,6.8379998207092285,,,,,,,2024
Czechia,6.821800231933594,,,,,,,2024
Lithuania,6.817500114440918,,,,,,,2024
United Kingdom,6.749000072479248,,,,,,,2024
Slovenia,6.743299961090088,,,,,,,2024
United Arab Emirates,6.733099937438965,,,,,,,2024
United States,6.724800109863281,,,,,,,2024
Germany,6.718500137329102,,,,,,,2024
Mexico,6.677999973297119,,,,,,,2024
Uruguay,6.611499786376953,,,,,,,2024
France,6.609000205993652,,,,,,,2024
Saudi Arabia,6.593500137329102,,,,,,,2024
Kosovo,6.560999870300293,,,,,,,2024
Singapore,6.522799968719482,,,,,,,2024
Taiwan Province of China,6.503499984741211,,,,,,,2024
Romania,6.491199970245361,,,,,,,2024
El Salvador,6.468699932098389,,,,,,,2024
Estonia,6.447700023651123,,,,,,,2024
Poland,6.441500186920166,,,,,,,2024
Spain,6.420899868011475,,,,,,,2024
Serbia,6.410799980163574,,,,,,,2024
Chile,6.360300064086914,,,,,,,2024
Panama,6.3582000732421875,,,,,,,2024
Malta,6.345799922943115,,,,,,,2024
Italy,6.323500156402588,,,,,,,2024
Guatemala,6.2870001792907715,,,,,,,2024
Nicaragua,6.283899784088135,,,,,,,2024
Brazil,6.271999835968018,,,,,,,2024
Slovakia,6.2571001052856445,,,,,,,2024
Latvia,6.234499931335449,,,,,,,2024
Uzbekistan,6.195000171661377,,,,,,,2024
Argentina,6.1880998611450195,,,,,,,2024
Kazakhstan,6.1875,,,,,,,2024
Cyprus,6.0680999755859375,,,,,,,2024
Japan,6.059800148010254,,,,,,,2024
South Korea,6.0578999519348145,,,,,,,2024
Philippines,6.047599792480469,,,,,,,2024
Vietnam,6.043000221252441,,,,,,,2024
Portugal,6.029600143432617,,,,,,,2024
Hungary,6.016900062561035,,,,,,,2024
Paraguay,5.976500034332275,,,,,,,2024
Thailand,5.976099967956543,,,,,,,2024
Malaysia,5.975200176239014,,,,,,,2024
China,5.972700119018555,,,,,,,2024
Honduras,5.968400001525879,,,,,,,2024
Bahrain,5.959099769592285,,,,,,,2024
Croatia,5.942299842834473,,,,,,,2024
Greece,5.933599948883057,,,,,,,2024
Bosnia and Herzegovina,5.876999855041504,,,,,,,2024
Libya,5.866300106048584,,,,,,,2024
Jamaica,5.841700077056885,,,,,,,2024
Peru,5.84089994430542,,,,,,,2024
Dominican Republic,5.822800159454346,,,,,,,2024
Mauritius,5.816400051116943,,,,,,,2024
Moldova,5.815899848937988,,,,,,,2024
Russia,5.785299777984619,,,,,,,2024
Bolivia,5.784299850463867,,,,,,,2024
Ecuador,5.7245001792907715,,,,,,,2024
Kyrgyzstan,5.713500022888184,,,,,,,2024
Montenegro,5.706999778747559,,,,,,,2024
Mongolia,5.696199893951416,,,,,,,2024
Colombia,5.695099830627441,,,,,,,2024
Venezuela,5.6066999435424805,,,,,,,2024
Indonesia,5.568299770355225,,,,,,,2024
Bulgaria,5.462699890136719,,,,,,,2024
Armenia,5.454899787902832,,,,,,,2024
South Africa,5.421999931335449,,,,,,,2024
North Macedonia,5.369100093841553,,,,,,,2024
Algeria,5.363500118255615,,,,,,,2024
Hong Kong S.A.R. of China,5.316400051116943,,,,,,,2024
Albania,5.304200172424316,,,,,,,2024
Tajikistan,5.280700206756592,,,,,,,2024
Congo (Brazzaville),5.221499919891357,,,,,,,2024
Mozambique,5.216400146484375,,,,,,,2024
Georgia,5.184700012207031,,,,,,,2024
Iraq,5.165999889373779,,,,,,,2024
Nepal,5.158400058746338,,,,,,,2024
Laos,5.138899803161621,,,,,,,2024
Gabon,5.106299877166748,,,,,,,2024
Ivory Coast,5.080100059509277,,,,,,,2024
Guinea,5.0233001708984375,,,,,,,2024
Turkiye,4.975299835205078,,,,,,,2024
Senegal,4.968599796295166,,,,,,,2024
Iran,4.922800064086914,,,,,,,2024
Azerbaijan,4.893400192260742,,,,,,,2024
Nigeria,4.880799770355225,,,,,,,2024
State of Palestine,4.879499912261963,,,,,,,2024
Cameroon,4.8744001388549805,,,,,,,2024
Ukraine,4.873000144958496,,,,,,,2024
Namibia,4.831699848175049,,,,,,,2024
Morocco,4.7947001457214355,,,,,,,2024
Pakistan,4.656700134277344,,,,,,,2024
Niger,4.556300163269043,,,,,,,2024
Burkina Faso,4.547999858856201,,,,,,,2024
Mauritania,4.505099773406982,,,,,,,2024
Gambia,4.484899997711182,,,,,,,2024
Chad,4.47130012512207,,,,,,,2024
Kenya,4.469600200653076,,,,,,,2024
Tunisia,4.421800136566162,,,,,,,2024
Benin,4.377399921417236,,,,,,,2024
Uganda,4.371699810028076,,,,,,,2024
Myanmar,4.354499816894531,,,,,,,2024
Cambodia,4.340700149536133,,,,,,,2024
Ghana,4.289400100708008,,,,,,,2024
Liberia,4.268599987030029,,,,,,,2024
Mali,4.23199987411499,,,,,,,2024
Madagascar,4.22790002822876,,,,,,,2024
Togo,4.214099884033203,,,,,,,2024
Jordan,4.185800075531006,,,,,,,2024
India,4.054100036621094,,,,,,,2024
Egypt,3.976599931716919,,,,,,,2024
Sri Lanka,3.898099899291992,,,,,,,2024
Bangladesh,3.8859000205993652,,,,,,,2024
Ethiopia,3.8608999252319336,,,,,,,2024
Tanzania,3.780600070953369,,,,,,,2024
Comoros,3.5662999153137207,,,,,,,2024
Yemen,3.561000108718872,,,,,,,2024
Zambia,3.5023999214172363,,,,,,,2024
Eswatini,3.502000093460083,,,,,,,2024
Malawi,3.4210000038146973,,,,,,,2024
Botswana,3.3833999633789062,,,,,,,2024
Zimbabwe,3.341099977493286,,,,,,,2024
Congo (Kinshasa),3.2953999042510986,,,,,,,2024
Sierra Leone,3.2451999187469482,,,,,,,2024
Lesotho,3.186199903488159,,,,,,,2024
Lebanon,2.7065000534057617,,,,,,,2024
Afghanistan,1.7209999561309814,,,,,,,2024
